-- MySQL dump 10.13  Distrib 5.7.21, for Linux (x86_64)
--
-- Host: localhost    Database: ewma
-- ------------------------------------------------------
-- Server version	5.7.21-0ubuntu0.16.04.1

/*!40101 SET @OLD_CHARACTER_SET_CLIENT=@@CHARACTER_SET_CLIENT */;
/*!40101 SET @OLD_CHARACTER_SET_RESULTS=@@CHARACTER_SET_RESULTS */;
/*!40101 SET @OLD_COLLATION_CONNECTION=@@COLLATION_CONNECTION */;
/*!40101 SET NAMES utf8 */;
/*!40103 SET @OLD_TIME_ZONE=@@TIME_ZONE */;
/*!40103 SET TIME_ZONE='+00:00' */;
/*!40014 SET @OLD_UNIQUE_CHECKS=@@UNIQUE_CHECKS, UNIQUE_CHECKS=0 */;
/*!40014 SET @OLD_FOREIGN_KEY_CHECKS=@@FOREIGN_KEY_CHECKS, FOREIGN_KEY_CHECKS=0 */;
/*!40101 SET @OLD_SQL_MODE=@@SQL_MODE, SQL_MODE='NO_AUTO_VALUE_ON_ZERO' */;
/*!40111 SET @OLD_SQL_NOTES=@@SQL_NOTES, SQL_NOTES=0 */;

--
-- Current Database: `ewma`
--

CREATE DATABASE /*!32312 IF NOT EXISTS*/ `ewma` /*!40100 DEFAULT CHARACTER SET latin1 */;

USE `ewma`;

--
-- Table structure for table `award`
--

DROP TABLE IF EXISTS `award`;
/*!40101 SET @saved_cs_client     = @@character_set_client */;
/*!40101 SET character_set_client = utf8 */;
CREATE TABLE `award` (
  `name` varchar(255) DEFAULT NULL,
  `id` int(11) NOT NULL AUTO_INCREMENT,
  `movie_id` int(11) NOT NULL,
  `note` varchar(255) DEFAULT NULL,
  PRIMARY KEY (`id`),
  UNIQUE KEY `key_id_movie` (`id`,`movie_id`),
  KEY `movie_id` (`movie_id`),
  CONSTRAINT `award_ibfk_1` FOREIGN KEY (`movie_id`) REFERENCES `movies` (`id`)
) ENGINE=InnoDB AUTO_INCREMENT=113 DEFAULT CHARSET=latin1;
/*!40101 SET character_set_client = @saved_cs_client */;

--
-- Dumping data for table `award`
--

LOCK TABLES `award` WRITE;
/*!40000 ALTER TABLE `award` DISABLE KEYS */;
INSERT INTO `award` VALUES ('Most Improved',1,78,NULL),('Viewer\'s Choice',2,79,NULL),('Special Effects',3,79,NULL),('Best Prof Cameo',4,79,'Norm Bartley'),('Best Actor',5,82,'Nathan Patton, Peter LeFleur'),('Best Actress',6,81,'Reanna Sawatzky, Syliva'),('Best Meme',7,81,'Toboghini'),('Best 4th Wall Break',8,82,'Script'),('Best Judge Cameo',9,81,'Toboghini'),('Best Hydration Cue',10,79,'Ackbar'),('Best Song/Dance',11,79,'Empire State of ZOO'),('Sexxxy Award',12,81,NULL),('Best Chase Scene',13,81,NULL),('Best WTF Moment',14,81,'Nipple'),('Best Department Diss',15,81,'Civil Project Management'),('Best Fight Scene',16,79,'Ilbe Wet vs Vader'),('Best Crotch Shot',17,80,'Guns'),('Best Speech',18,83,NULL),('Best Pun',19,81,'Breadboard'),('Best Plot Twist',20,82,'Still lost'),('Best WTF Moment',21,75,'Making out'),('Viewer\'s Choice',22,75,NULL),('Plot Twist',23,75,'Gender change'),('Special Effects',24,72,NULL),('Best John Cena',25,76,NULL),('Best Diss',26,76,'Girl?'),('Best Chase Scene',27,76,'Girl?'),('Best Sexxxy Scene',28,74,NULL),('Best Actor',29,72,'Troy Brintnell, Smaegol'),('Best Actress',30,72,'Miriam Dietz, Gandalf the Small'),('Best Hydration Queue',31,72,'One Does Not Simply'),('Best WTF Moment',32,59,NULL),('Balls of Steel',33,59,NULL),('Best Judge Cameo',34,59,NULL),('Special Effects',35,59,NULL),('Best Hydration Cue',36,55,'Kill Counter'),('Special Effects',37,55,NULL),('Best Actor',38,55,NULL),('Viewer\'s Choice',39,55,NULL),('Best Dance Scene',40,56,NULL),('Best Chase',41,56,NULL),('Best Slow Mo',42,56,NULL),('Best Original Music',43,53,NULL),('Best Dance',44,53,NULL),('Best Villains',45,53,NULL),('Best Nostalgic Moment',46,53,NULL),('Best Actress',47,53,NULL),('Viewer\'s Choice',48,53,NULL),('Best Hydration Cue',49,50,NULL),('Best Actor',50,50,NULL),('Viewer\'s Choice',51,50,NULL),('Best Dance Scene',52,77,NULL),('Best Fight Scene',53,70,NULL),('Best Picture',54,54,NULL),('Best Special Effects',55,54,NULL),('Best Action Scene',56,54,NULL),('Best Sexxxy Scene',57,54,NULL),('Best Cross Dressing',58,54,NULL),('Best Commercial',59,54,NULL),('Best Picture',60,51,NULL),('Viewer\'s Choice',61,91,NULL),('Best Product Placement',62,91,'Dr. Nater Bater\'s 100% Organic ZOO Brew'),('Best Fourth Wall Break',63,91,NULL),('Best Fight Scene',64,91,NULL),('Best Special Effects',65,91,NULL),('Best Actor',66,91,'Jared Brintnell, Harry'),('Best Speech/Rant',67,94,NULL),('Best Chase Scene',68,94,NULL),('Best Drinking Cue',69,94,'Du Duuu'),('Best Slow Mo',70,93,NULL),('Best Song/Dance',71,91,'ENGG Star'),('Best Trailer',72,93,NULL),('Best WTF Moment',73,94,NULL),('Best Prof Cameo',74,94,NULL),('Best Actress',75,94,'Rebecca Dukart'),('Best Meme',76,95,'Mannequin Challenge'),('Best Judge Cameo',77,95,NULL),('Best Diss',78,96,'The whole movie'),('Sexxxy Award',79,96,NULL),('Most Awkward Scene',80,97,'The whole movie'),('Best WTF Scene',81,69,'Squidward Jerkin\' It'),('Best Slow Mo',82,69,'Workout Montage'),('Sexxxy Award',83,84,NULL),('Sexxxy Award',84,61,NULL),('Sexxxy Award',85,67,NULL),('Best Supporting Role',86,102,'Eric/Catalina as Lieutenant Dan'),('Best Death',87,102,'Sammy'),('Sexxxy Award',88,102,'Shower'),('Best Sound Design',89,102,'Hospital Beeps'),('Best Title',90,98,NULL),('Best Song',91,98,NULL),('Best Screaming Goat',92,98,NULL),('Best CSI Pun',93,98,NULL),('Best Costumes',94,98,NULL),('Best Fight Scene',95,98,NULL),('Best Fourth Wall Break',96,98,NULL),('Best Product Placement',97,98,NULL),('Best Picture',98,98,NULL),('Best Trailer',99,101,NULL),('Best Poster',100,101,NULL),('Balls of Steel',101,101,NULL),('Best Hydration Que',102,101,NULL),('Best Actor',103,101,'Dale, Mech'),('Viewer\'s Choice',104,101,NULL),('Best Department Diss',105,99,NULL),('Best Judge Cameo',106,99,'Rusty'),('Best Prof Cameo',107,99,NULL),('Best Actress',108,99,'Wafa Anam'),('The CHEM Award',109,103,'Worst Movie'),('Best Self-Diss',110,100,NULL),('Best Special Effects',111,100,NULL),('WTF Moment',112,100,NULL);
/*!40000 ALTER TABLE `award` ENABLE KEYS */;
UNLOCK TABLES;

--
-- Table structure for table `department`
--

DROP TABLE IF EXISTS `department`;
/*!40101 SET @saved_cs_client     = @@character_set_client */;
/*!40101 SET character_set_client = utf8 */;
CREATE TABLE `department` (
  `abbr` varchar(32) NOT NULL,
  `display` varchar(255) NOT NULL,
  PRIMARY KEY (`abbr`),
  UNIQUE KEY `display` (`display`)
) ENGINE=InnoDB DEFAULT CHARSET=latin1;
/*!40101 SET character_set_client = @saved_cs_client */;

--
-- Dumping data for table `department`
--

LOCK TABLES `department` WRITE;
/*!40000 ALTER TABLE `department` DISABLE KEYS */;
INSERT INTO `department` VALUES ('special','Biomedical Engineering, Energy and Environment Engineering'),('chem','Chemical Engineering'),('civil','Civil Engineering'),('zoo','Electrical, Computer, and Software Engineering'),('energy','Energy Engineering'),('alum','Engineering Alumni'),('geo','Geomatics Engineering'),('mech','Mechanical Engineering');
/*!40000 ALTER TABLE `department` ENABLE KEYS */;
UNLOCK TABLES;

--
-- Table structure for table `movies`
--

DROP TABLE IF EXISTS `movies`;
/*!40101 SET @saved_cs_client     = @@character_set_client */;
/*!40101 SET character_set_client = utf8 */;
CREATE TABLE `movies` (
  `title` varchar(255) DEFAULT NULL,
  `rating` int(100) DEFAULT NULL,
  `year` int(4) NOT NULL,
  `id` int(11) NOT NULL AUTO_INCREMENT,
  `dept` varchar(32) CHARACTER SET latin1 DEFAULT NULL,
  `theme` varchar(255) CHARACTER SET latin1 DEFAULT NULL,
  `duration` int(11) DEFAULT NULL,
  PRIMARY KEY (`id`),
  KEY `dept` (`dept`),
  CONSTRAINT `movies_ibfk_1` FOREIGN KEY (`dept`) REFERENCES `department` (`abbr`)
) ENGINE=InnoDB AUTO_INCREMENT=104 DEFAULT CHARSET=utf8mb4;
/*!40101 SET character_set_client = @saved_cs_client */;

--
-- Dumping data for table `movies`
--

LOCK TABLES `movies` WRITE;
/*!40000 ALTER TABLE `movies` DISABLE KEYS */;
INSERT INTO `movies` VALUES ('Fifteen Minutes',NULL,1991,1,NULL,NULL,885),('Mechsico',NULL,1991,2,'mech','Mexico',1021),('Zoo Music',20,1991,3,'zoo','Much Music',875),('Star Trek',NULL,1995,4,'geo','Star Trek',908),('Mech Files',NULL,1996,5,'mech','X Files',1330),('X Files',NULL,1996,6,'zoo','X Files',878),('In Search of the Zooids',35,1997,7,'zoo','Star Wars',922),(NULL,NULL,1999,8,'chem',NULL,748),('Zooro',NULL,1999,9,'zoo','Zorro',864),('Chem-Hur',15,2000,10,'chem',NULL,354),('Horror Movie',NULL,2000,11,'mech',NULL,971),('Zookes of Hazzard',NULL,2001,12,'zoo','Dukes of Hazard',958),(NULL,NULL,2002,13,'civil',NULL,1145),('Wayne\'s World',NULL,2002,14,'civil',NULL,NULL),('Geolympics',NULL,2002,15,'geo','Olympics',953),('Mechsmen',NULL,2002,16,'mech','X-Men',2694),('00Zoo',NULL,2002,17,'zoo','James Bond',1303),('Chemadian',NULL,2003,18,'chem',NULL,1214),('The Civpranos',NULL,2003,19,'civil','The Sopranos',1052),('Austenite Powers',NULL,2003,20,'mech','Austin Powers',1617),('Kung ZOO',NULL,2003,21,'zoo',NULL,1283),('Geostbusters',NULL,2003,22,'geo','Ghostbusters',NULL),('The Republic Strikes Back',NULL,2004,23,'civil','Civil War',1724),('MarGeo Bros',NULL,2004,24,'geo','Nintendo',946),('Made in Mechsico',NULL,2004,25,'mech','Mexico',1927),('ZooBar',NULL,2004,26,'zoo','Fubar',1021),('Zooper Heroes',NULL,2005,27,'zoo','Super Heroes',1436),('TScheM',NULL,2006,28,'chem',NULL,1186),('Ceuslander',NULL,2006,29,'civil','Zoolander',926),('Mechopoly',NULL,2006,30,'mech','Monopoly',949),('Monty Pithon',NULL,2006,31,'zoo','Monty Python',1043),('Bio-Witch Project',NULL,2006,32,'special','Blair Witch Project',1317),('Cessame Street',NULL,2007,33,'chem','Sesame Street',1060),('The Good, The Bad, & The Civil',NULL,2007,34,'civil','The Good, The Bad, and The Ugly',985),('Mechscalibur',NULL,2007,35,'mech','Excalibur',1001),('Star Wars: Episode ZOO',NULL,2007,36,'zoo','Star Wars',1425),('Wayne\'s Geoid',NULL,2008,37,'geo','Wayne\'s World',1576),('Batmanu: The Mech Knight',NULL,2009,38,'mech','Batman',534),('The Geodfather',NULL,2009,42,'geo','The Godfather',1922),('Matrix Zooloaded',NULL,2009,43,'zoo','The Matrix',1690),('Geostice League',NULL,2010,44,'geo','Superheroes',668),('Spark Trek',84,2010,45,'zoo','Star Trek',1624),('Combustamove',NULL,2010,46,'chem',NULL,1564),('Civil Night Live',NULL,2010,47,'civil','Saturday Night Live',1400),('Mechiana Jones',NULL,2010,48,'mech','Indiana Jones',1960),('Left for Biomed',NULL,2010,49,'special','Zombies',2348),('The Geoffice',NULL,2011,50,'geo','The Office',1114),('CSI ZOO York',NULL,2011,51,'zoo','CSI',1835),('Geo Presents the 90s',NULL,2012,53,'geo',NULL,1746),('Pokemon: ZOO Version',NULL,2012,54,'zoo','Pokemon',1256),('GeoldenEye',95,2013,55,'geo','James Bond',2017),('Mechtendo',83,2013,56,'mech','Nintendo',1864),('Scooby Zoo, Where Are You!',90,2013,57,'zoo','Scooby Doo',1367),('Civil Sucks',NULL,2013,58,'civil',NULL,NULL),('Mechsmas Miracle',NULL,2014,59,'mech',NULL,1447),('Geotroopers',NULL,2014,60,'geo','Super Troopers',1436),('Goldchember',NULL,2014,61,'chem','Austin Powers',1117),('Game of Gears',23,2014,62,'alum','Game of Thrones',1062),('Dora the Specialized Explorer',NULL,2014,63,'special','Dora the Explorer',1621),('Back to the Zooture',20,2014,64,'zoo','Back to the Future',1487),('Despicivil Me',NULL,2014,65,'civil','Descipable Me',NULL),('The Zooperheroes',82,2015,66,'zoo','Superheroes',1749),('Chemi-Pro',3,2015,67,'chem','Semi-Pro',NULL),('21 F Block',35,2015,68,'civil','21 Jump Street',NULL),('SpongeBob MechPants',70,2015,69,'mech','Spongebob',1094),('Geoscars',NULL,2015,70,'geo','The Oscars',1360),('Survivor: Special Edition',NULL,2015,71,'special','Survivor',NULL),('Lord of the Iron Rings, the Fellowship of Zoo',93,2016,72,'zoo','Lord of the Rings',1903),('Americhem Pie',8,2016,73,'chem','American Pie',NULL),('Alice in Civil Land',45,2016,74,'civil','Alice in Wonderland',1428),('Sch\'mech\'',50,2016,75,'mech','Shrek',2216),('2001 a Space Geodessey',70,2016,76,'geo','2001: a Space Odessey',NULL),('Special School Bus',54,2016,77,'special','The Magic School Bus',NULL),('The Chemzard of Oz',37,2017,78,'chem','The Wizard of Oz',979),('Empire State of Zoo',90,2017,79,'zoo','Star Wars',1627),('Puss In Steel Toed Boots',65,2017,80,'civil','Puss in Boots',940),('Texas Chainsaw Messacre',70,2017,81,'mech','Texas Chainsaw Massacre',1644),('Average Geos',88,2017,82,'geo','Dodgeball',1591),('Saving Private Special',51,2017,83,'special','Special Ops',1480),('OChems 11',NULL,2013,84,'chem','Ocean\'s Eleven',NULL),('Breakchem Bad',NULL,2012,85,'chem','Breaking Bad',NULL),('Chemception',NULL,2011,86,'chem','Inception',NULL),('Civsons',10,1991,87,'civil','The Simpsons',718),('Plumbob Squarepants',NULL,2006,88,'geo','Spongebob',11),('300',NULL,2008,89,'zoo','300',1049),('Nightmare on Chem street',NULL,2004,90,'chem','Nightmare on Elm Street',NULL),('Harry Zooter and the Half Baked Movie Title',90,2018,91,'zoo','Harry Potter',2450),('Cultured Cooking With Cory Episode 2',100,2018,92,'energy',NULL,1119),('The Mechlympian',77,2018,93,'mech','Olympics',64),('Law & Order: Very Special Unit',82,2018,94,'special','Law and Order: SVU',2264),('The Hungover Games: MockingGeo',75,2018,95,'geo','Hunger Games',1457),('High School μcivil',32,2018,96,'civil','Highschool Musical',799),('Disney PrinCESS',6,2018,97,'chem','Disney Princesses',490),('Schulich \'Ohms',NULL,2019,98,'zoo','Sherlock Holmes',3059),('Special 99',NULL,2019,99,'special','Brooklyn Nine Nine',1606),('Process to SuckCESS',NULL,2019,100,'chem',NULL,1837),('MechGyver',NULL,2019,101,'mech','MacGyver',1587),('Forrest Slump',NULL,2019,102,'civil','Forrest Gump',1517),('National Geomatics',NULL,2019,103,'geo','National Geographic',113);
/*!40000 ALTER TABLE `movies` ENABLE KEYS */;
UNLOCK TABLES;

--
-- Table structure for table `passwordtoken`
--

DROP TABLE IF EXISTS `passwordtoken`;
/*!40101 SET @saved_cs_client     = @@character_set_client */;
/*!40101 SET character_set_client = utf8 */;
CREATE TABLE `passwordtoken` (
  `user` char(36) CHARACTER SET latin1 NOT NULL,
  `token` char(29) CHARACTER SET latin1 NOT NULL,
  `created` int(11) NOT NULL,
  PRIMARY KEY (`token`),
  KEY `passwordtoken_user_fk1` (`user`)
) ENGINE=InnoDB DEFAULT CHARSET=utf8mb4 COLLATE=utf8mb4_unicode_ci;
/*!40101 SET character_set_client = @saved_cs_client */;

--
-- Dumping data for table `passwordtoken`
--

LOCK TABLES `passwordtoken` WRITE;
/*!40000 ALTER TABLE `passwordtoken` DISABLE KEYS */;
INSERT INTO `passwordtoken` VALUES ('c9ececdc-bf2b-44c3-b303-6cbc5c58b8fe','$2b$10$.CJdt5N3AYTFkMWJ1ExISO',1548108831),('c9ececdc-bf2b-44c3-b303-6cbc5c58b8fe','$2b$10$0dbaV5fmaaLGjbNpKnxPQ.',1552420847),('cdba53bc-7f2c-443f-9a21-ea94592b9850','$2b$10$0xEh8ta0WY6IztYnu2YSZ.',1547861163),('192f2377-4139-11e8-a197-000423af391c','$2b$10$45U/dbaRy1Lt7NIBBqZPF.',1538600181),('abc4d79f-22c3-40e7-a1ba-4ea847ea0538','$2b$10$9t5wslGKVSfGk8zIOHEnL.',1538599897),('09dcf258-f6fc-4848-8a38-12611b320ba5','$2b$10$AZxHrjkYtTP/I9JlG41pmu',1544042852),('344d1082-ce9a-4075-a250-ce5890653ef7','$2b$10$bMjUu1CWNM/b1nEfNfw.uO',1550363803),('abc4d79f-22c3-40e7-a1ba-4ea847ea0538','$2b$10$C/KEPaVH6Tj.9sEEmJQiIO',1538599901),('d1f5a880-74bf-45a6-b162-bf861491d2ff','$2b$10$c8l8CYn5OtHkRA64hO/Dju',1548098453),('b4419687-7164-45fc-ad2a-f21eaf8ea1a4','$2b$10$CDoY8OUSzo3omHFtQX2YTO',1541025312),('cdba53bc-7f2c-443f-9a21-ea94592b9850','$2b$10$CyFnmLKVcBVi0pDW9f7iCe',1547787387),('9c5f775d-cec7-4791-b0c6-777a44bb060e','$2b$10$hT4YKiv9sUjPknfpErmgVu',1547866863),('abc4d79f-22c3-40e7-a1ba-4ea847ea0538','$2b$10$i9kSxLg..8YwYNLNSKovTO',1538600109),('a6335fc5-28d2-4f0a-80d1-d0886ac5e588','$2b$10$i9svk1IoLJPpLPUMIZL5te',1542147588),('7875737d-4afa-4c6b-ab6e-a2781199bdf9','$2b$10$ja1BvliiNr/uz21adapgF.',1548820601),('3b385db1-8cdf-460d-93ef-982e1d5561a4','$2b$10$jjCc9calt87ji3RBkRzv7.',1545463959),('ae09b9b3-abee-4963-856c-9c530ec6e6d3','$2b$10$jncVw1nym01rbD8E64VP/.',1547792365),('4941aa39-31b7-4ec4-a433-b3e0035bd25f','$2b$10$k0y5jLI9G1FLGLjnCln.Fu',1548289866),('abc4d79f-22c3-40e7-a1ba-4ea847ea0538','$2b$10$kJss1P19PGf//sOfvXvRIO',1538600243),('4941aa39-31b7-4ec4-a433-b3e0035bd25f','$2b$10$OEdAwxR9iObno0wZ7MMq0.',1538600354),('344d1082-ce9a-4075-a250-ce5890653ef7','$2b$10$plbHBqXIjqWhxR1nWOdNDu',1547881493),('ae09b9b3-abee-4963-856c-9c530ec6e6d3','$2b$10$PNYa6dbUaUmUw1RNxCs9He',1547792399),('af03530c-7495-4d36-a45b-b357e28604a0','$2b$10$pYd4UJ.y/RSrBlvUBp1eXu',1544336073),('6eb8539e-62aa-47fa-9559-7871cd37f3c1','$2b$10$SHBXJOj/irAKa0y4nZsLye',1539292547),('3b385db1-8cdf-460d-93ef-982e1d5561a4','$2b$10$SNWL3tzL.QkGzRiFi8pNhe',1545463755),('c9ececdc-bf2b-44c3-b303-6cbc5c58b8fe','$2b$10$SxxC0PWtRHlKglBKzfzPkO',1548108830),('95569911-7d7b-4024-aace-da4c1dce541c','$2b$10$Vw0EHeKD3hus5t98UKycfu',1548363826),('c64e3f9c-0718-4b2e-9cec-a82af4dd9229','$2b$10$x.nVaePO4JEcOt1C30e2DO',1546234664),('e01fa687-c63e-43f3-9344-356f40f2782b','$2b$10$X/4kqL6HtdJ1KWHaMxjykO',1547868753),('de7d1d87-fc14-469e-afa6-143b9bdecd31','$2b$10$xRI7XCohTzhV/B3wXQ2eUe',1541194112);
/*!40000 ALTER TABLE `passwordtoken` ENABLE KEYS */;
UNLOCK TABLES;

--
-- Table structure for table `permission_schema`
--

DROP TABLE IF EXISTS `permission_schema`;
/*!40101 SET @saved_cs_client     = @@character_set_client */;
/*!40101 SET character_set_client = utf8 */;
CREATE TABLE `permission_schema` (
  `perm` char(20) COLLATE utf8mb4_unicode_ci NOT NULL,
  `description` varchar(255) COLLATE utf8mb4_unicode_ci DEFAULT NULL,
  PRIMARY KEY (`perm`)
) ENGINE=InnoDB DEFAULT CHARSET=utf8mb4 COLLATE=utf8mb4_unicode_ci;
/*!40101 SET character_set_client = @saved_cs_client */;

--
-- Dumping data for table `permission_schema`
--

LOCK TABLES `permission_schema` WRITE;
/*!40000 ALTER TABLE `permission_schema` DISABLE KEYS */;
INSERT INTO `permission_schema` VALUES ('manage_permissions','Ability to manage permissions'),('manage_users','Ability to manage users'),('movie_edit','Ability to edit a movie'),('view_summary','Ability to view the HTTP summary comment in full');
/*!40000 ALTER TABLE `permission_schema` ENABLE KEYS */;
UNLOCK TABLES;

--
-- Table structure for table `permissions`
--

DROP TABLE IF EXISTS `permissions`;
/*!40101 SET @saved_cs_client     = @@character_set_client */;
/*!40101 SET character_set_client = utf8 */;
CREATE TABLE `permissions` (
  `id` int(11) NOT NULL AUTO_INCREMENT,
  `perm` char(20) COLLATE utf8mb4_unicode_ci NOT NULL,
  `user` char(36) CHARACTER SET latin1 NOT NULL,
  PRIMARY KEY (`id`),
  UNIQUE KEY `perm` (`perm`,`user`),
  KEY `permissions_user_fk1` (`user`)
) ENGINE=InnoDB AUTO_INCREMENT=16 DEFAULT CHARSET=utf8mb4 COLLATE=utf8mb4_unicode_ci;
/*!40101 SET character_set_client = @saved_cs_client */;

--
-- Dumping data for table `permissions`
--

LOCK TABLES `permissions` WRITE;
/*!40000 ALTER TABLE `permissions` DISABLE KEYS */;
INSERT INTO `permissions` VALUES (2,'manage_permissions','192f2377-4139-11e8-a197-000423af391c'),(14,'manage_permissions','3d07973c-7d35-4e2c-8108-0d41a4a5b54f'),(10,'manage_permissions','492de741-0896-43dd-979d-d2bbb3e7215b'),(1,'manage_users','192f2377-4139-11e8-a197-000423af391c'),(11,'manage_users','3d07973c-7d35-4e2c-8108-0d41a4a5b54f'),(9,'manage_users','492de741-0896-43dd-979d-d2bbb3e7215b'),(15,'manage_users','4941aa39-31b7-4ec4-a433-b3e0035bd25f'),(7,'manage_users','abc4d79f-22c3-40e7-a1ba-4ea847ea0538'),(3,'movie_edit','192f2377-4139-11e8-a197-000423af391c'),(13,'movie_edit','3d07973c-7d35-4e2c-8108-0d41a4a5b54f'),(8,'movie_edit','492de741-0896-43dd-979d-d2bbb3e7215b'),(6,'movie_edit','abc4d79f-22c3-40e7-a1ba-4ea847ea0538'),(5,'view_summary','192f2377-4139-11e8-a197-000423af391c');
/*!40000 ALTER TABLE `permissions` ENABLE KEYS */;
UNLOCK TABLES;

--
-- Table structure for table `session`
--

DROP TABLE IF EXISTS `session`;
/*!40101 SET @saved_cs_client     = @@character_set_client */;
/*!40101 SET character_set_client = utf8 */;
CREATE TABLE `session` (
  `token` char(36) CHARACTER SET latin1 NOT NULL,
  `issued` int(11) NOT NULL,
  `user` char(36) CHARACTER SET latin1 NOT NULL,
  PRIMARY KEY (`token`),
  KEY `session_user_fk1` (`user`)
) ENGINE=InnoDB DEFAULT CHARSET=utf8mb4 COLLATE=utf8mb4_unicode_ci;
/*!40101 SET character_set_client = @saved_cs_client */;

--
-- Dumping data for table `session`
--

LOCK TABLES `session` WRITE;
/*!40000 ALTER TABLE `session` DISABLE KEYS */;
INSERT INTO `session` VALUES ('00362d1c-cb22-4f2f-9570-be5e38c46738',1546234723,'c64e3f9c-0718-4b2e-9cec-a82af4dd9229'),('0042ac91-994e-4078-a087-c294d39aa3e3',1548034887,'913cb01d-cfc9-400e-9387-cace06776bcd'),('02278fa9-c530-48c2-8a16-247a97224cc4',1548099707,'a3395a27-30d3-4713-adf3-4bc333a62b63'),('023778f9-2ca5-430d-85ef-da0df1edd061',1551204764,'913cb01d-cfc9-400e-9387-cace06776bcd'),('02922323-8688-4474-97d5-83526707a19c',1540851560,'3535ccdd-a506-46d8-9d2c-783cef557ca8'),('035b129c-de67-425a-b800-34ad6cf0289b',1523898420,'492de741-0896-43dd-979d-d2bbb3e7215b'),('041854b6-3a67-4fff-a5a5-f36d8008a7e2',1551486624,'192f2377-4139-11e8-a197-000423af391c'),('046f11dc-5b74-4167-b7f6-fa67ec51859d',1541555234,'e2a0107c-5052-443c-bb2b-cfc607a2db01'),('05071d84-a104-4201-bf7d-a5ceb1fd205a',1527878125,'492de741-0896-43dd-979d-d2bbb3e7215b'),('0562f69f-be3c-4817-85f8-35e21fd31f97',1555351702,'b4419687-7164-45fc-ad2a-f21eaf8ea1a4'),('05bd4f2b-d744-406b-b48d-8adc0b13375a',1542685777,'d1f5a880-74bf-45a6-b162-bf861491d2ff'),('07375659-c31f-4385-a7ae-ea026d1fb6dd',1548035259,'3baf0cbb-64a9-4981-a6d4-91f92ad4a9fe'),('073f48c0-3c19-4049-b697-79b7bbf74f2b',1523858557,'8eab570d-3084-4450-9c2d-9db2fa0f045f'),('075fbbf6-fe61-4778-b8bd-1947a18325be',1524174006,'3d07973c-7d35-4e2c-8108-0d41a4a5b54f'),('07acdc51-fd3d-4d4c-a198-d8dac0b3cf86',1548131954,'cc67a5d3-01df-43c5-ae4c-1a4b6bc5462c'),('07bccd75-f8d6-4f8f-ae90-c605554c7d21',1536174517,'fcd1de4f-8022-41a3-8479-1d5ed3d32539'),('07d18aad-da33-442e-9fdb-9b0eab7b4944',1542474453,'913cb01d-cfc9-400e-9387-cace06776bcd'),('0845da7f-1bbb-4f9e-ab8e-4c5cdc8a42d0',1538014418,'42062fc9-42d4-4202-bb16-3b956f2b025f'),('0873ffef-8ecc-4a7b-80bb-a8c037563374',1540189139,'9be2967e-e23a-45c0-9ef7-4a124a206328'),('08a1a4b8-3560-4adc-92cc-fc89ee0a56b5',1533066139,'4941aa39-31b7-4ec4-a433-b3e0035bd25f'),('099d1ae1-0d13-4d63-938d-b466f0ad601f',1551475465,'b63ee503-7cb8-471d-bd17-7b5dee9eb994'),('09a0b7c2-8916-432c-b24c-28c3a572c8b3',1529795660,'fcd1de4f-8022-41a3-8479-1d5ed3d32539'),('0a196da3-7e11-470d-9d4d-a533ca2ccae1',1542563341,'492de741-0896-43dd-979d-d2bbb3e7215b'),('0a93a866-49db-4adc-9a21-6aa00ffa030a',1541182732,'ae09b9b3-abee-4963-856c-9c530ec6e6d3'),('0becae9e-f0cd-4e21-8ce9-8375a48dcd7e',1536865840,'192f2377-4139-11e8-a197-000423af391c'),('0c406dd7-b676-4b08-9577-01b733d8e41d',1552213520,'bf5e347b-0215-48d5-9c3d-a762872a433f'),('0c6041b6-a21d-48a7-bf3b-f51decd3f1d1',1532023618,'b4419687-7164-45fc-ad2a-f21eaf8ea1a4'),('0c88dcfb-edd5-4c9d-b701-d96758cc4cae',1532399793,'192f2377-4139-11e8-a197-000423af391c'),('0c94410f-360b-494e-a5ea-37df688bf637',1543857865,'192f2377-4139-11e8-a197-000423af391c'),('0cc38ab7-b399-4e32-8c1b-7db5df981b1f',1541448356,'192f2377-4139-11e8-a197-000423af391c'),('0d0005a7-377b-4ff3-a727-526d2b316ff9',1548099316,'b4419687-7164-45fc-ad2a-f21eaf8ea1a4'),('0d169bc1-d43d-483b-acd4-97cbc12e2668',1551913365,'192f2377-4139-11e8-a197-000423af391c'),('0e9a2697-2ae2-415d-8fa6-61d7ba20bd7b',1536640651,'192f2377-4139-11e8-a197-000423af391c'),('0eb6f188-3355-4bc8-be99-76cab62950ec',1541461484,'192f2377-4139-11e8-a197-000423af391c'),('0f345887-6c8e-4b20-9c91-88df021ede66',1553032968,'4941aa39-31b7-4ec4-a433-b3e0035bd25f'),('0f3ff36b-f236-4bdd-ad14-ae415bd8b282',1548523702,'192f2377-4139-11e8-a197-000423af391c'),('0fe046f1-13dd-4308-a608-2793376623c4',1543105927,'1f6f1ae8-c450-4ce2-ad68-2b042d369b86'),('108136cf-9456-482c-9c86-c815b92d1074',1541461486,'2c7adc5c-3e2a-4ced-8a72-53fd88b7b8a0'),('11027235-461d-42d9-bbdb-39544e800579',1539638568,'af03530c-7495-4d36-a45b-b357e28604a0'),('112cbec4-9bed-4e58-9df6-4e7d386b2975',1530376943,'fcd1de4f-8022-41a3-8479-1d5ed3d32539'),('118839a5-dd10-4571-9a57-3423d476e0a6',1535431590,'4941aa39-31b7-4ec4-a433-b3e0035bd25f'),('1201c67e-aa89-425b-8d50-d9facf14e2ef',1547869007,'e01fa687-c63e-43f3-9344-356f40f2782b'),('1217c6e3-27e6-4fa0-95e2-4470dd3a5fd7',1551144039,'e2a0107c-5052-443c-bb2b-cfc607a2db01'),('129cf0d4-f083-4c4e-9ddf-3769f42b659b',1544059096,'1a453908-eb42-4dbe-bbbf-977163539bf9'),('129d5d0c-1ef1-401a-9f0f-822897de4df6',1548107429,'8f4a24f0-c5c5-489f-bffc-cfedea14b4ce'),('12f4d2bb-51ce-4282-94f5-99c0e6f6d232',1540994817,'5fa21001-941d-4f58-adde-55f31720602d'),('136a08ca-b6a9-4537-b5ed-8d0ed83df27f',1558474323,'9be2967e-e23a-45c0-9ef7-4a124a206328'),('13984d33-95f4-4d3c-ae94-8ee17bb570e3',1545270437,'3535ccdd-a506-46d8-9d2c-783cef557ca8'),('13ecd198-9a1c-4eb5-99bd-74190baa0f3f',1543186450,'de7d1d87-fc14-469e-afa6-143b9bdecd31'),('140cfd88-51bb-4728-ada3-85128d2ec97d',1549410435,'e2a0107c-5052-443c-bb2b-cfc607a2db01'),('148c05ca-26b8-418c-9e16-c103ff05bb1d',1547265586,'ae09b9b3-abee-4963-856c-9c530ec6e6d3'),('14b72690-5505-4170-b743-5f2c8c5aba47',1543963456,'192f2377-4139-11e8-a197-000423af391c'),('15351425-f7c1-4464-8081-fbb7d8a054a4',1531791701,'192f2377-4139-11e8-a197-000423af391c'),('15803b1b-88bc-4e7c-ba5e-cc5022227962',1547834320,'161d7495-7604-4053-9c5a-ccab78dc6967'),('164de5a7-a4ed-4346-b121-a25a793e57f8',1548663385,'8f4a24f0-c5c5-489f-bffc-cfedea14b4ce'),('169425d2-e98a-478a-8e03-e5e063be1070',1547853269,'913cb01d-cfc9-400e-9387-cace06776bcd'),('16e46e4c-1381-464d-a0a2-bc8de98334cf',1542647144,'3535ccdd-a506-46d8-9d2c-783cef557ca8'),('17669539-9f45-4569-8026-51b843c2ac89',1528259481,'192f2377-4139-11e8-a197-000423af391c'),('17b43380-b1af-4f4d-ae61-a0630a702281',1539923928,'b63ee503-7cb8-471d-bd17-7b5dee9eb994'),('18354888-34be-4bfd-94ac-09d08f129f0b',1540001396,'af03530c-7495-4d36-a45b-b357e28604a0'),('18357f2a-bf3b-4e7a-bf90-b3bc79f948cb',1547511081,'39313184-0979-4595-bea2-7b3e8b745f65'),('184e2488-2264-41fd-82e7-ec5fecbbaae6',1535419994,'192f2377-4139-11e8-a197-000423af391c'),('189388da-f9fe-4501-9d1d-c6eac1601377',1529846186,'26480e2f-e14b-4d70-8af3-17659f9cb80d'),('189adcd7-10c4-444b-b199-de1b64ee3f4c',1550879625,'e2a0107c-5052-443c-bb2b-cfc607a2db01'),('189f35ee-000c-4e84-961a-0b2545d8d927',1558474326,'9be2967e-e23a-45c0-9ef7-4a124a206328'),('18c01154-dfdb-4b7f-9931-46ca1540a1bb',1539469951,'5fa21001-941d-4f58-adde-55f31720602d'),('1a0d5c7e-28de-4f45-8974-03d745d8a334',1525722759,'3d07973c-7d35-4e2c-8108-0d41a4a5b54f'),('1a841bb5-0bf7-40a9-a6f6-88cb92d5b348',1542255926,'e2a0107c-5052-443c-bb2b-cfc607a2db01'),('1a9995c5-0dfc-4b44-b2fd-184182d8ef48',1554410610,'39313184-0979-4595-bea2-7b3e8b745f65'),('1acd9ebd-66c4-432b-8b74-cb833e5375a9',1523930991,'abc4d79f-22c3-40e7-a1ba-4ea847ea0538'),('1ae22ce7-ba93-408f-9ec2-4d167627292c',1542250298,'c157fed0-636b-4f80-b705-87ee6fd8f460'),('1ae645d3-2289-4c74-84b5-93ceb9ebfb49',1547248367,'9be2967e-e23a-45c0-9ef7-4a124a206328'),('1b5f1099-9f1d-40bd-bd33-afe780839e8f',1557020124,'192f2377-4139-11e8-a197-000423af391c'),('1bb0ae79-850c-4c71-b337-580413283e7d',1552971671,'192f2377-4139-11e8-a197-000423af391c'),('1bea8558-c32d-4f0d-a8c5-f3c48f48f672',1536200808,'3d07973c-7d35-4e2c-8108-0d41a4a5b54f'),('1c3aa99f-dc45-4284-b82f-58132f629db3',1555552833,'492de741-0896-43dd-979d-d2bbb3e7215b'),('1c585826-72da-440f-9a20-e83cdd8f0604',1537826864,'192f2377-4139-11e8-a197-000423af391c'),('1c96c031-a56e-478f-a18b-ea60636c5912',1538600505,'4941aa39-31b7-4ec4-a433-b3e0035bd25f'),('1c98e2e0-f8f0-4176-8b55-87fc3d5baa03',1536538018,'192f2377-4139-11e8-a197-000423af391c'),('1cda5f5d-0594-49eb-b510-2d5cbab156ac',1532883272,'4941aa39-31b7-4ec4-a433-b3e0035bd25f'),('1dae617d-5a2b-4d69-aecb-de84df9126e3',1545544788,'acee8a8e-6a10-4ecf-b584-a849684ad864'),('1e0f1133-b20e-4625-8fe7-542e8c435139',1547328095,'8f4a24f0-c5c5-489f-bffc-cfedea14b4ce'),('1ea1d2b0-790e-4a36-9521-3f90b056f274',1536895733,'6a32ce27-db44-4824-b9cb-286911162050'),('1ed4c7b0-80ef-412c-9893-e0b6a7513cfa',1557167406,'4941aa39-31b7-4ec4-a433-b3e0035bd25f'),('202d1e03-463d-4ec9-95a0-979a6ae8ee20',1552586727,'492de741-0896-43dd-979d-d2bbb3e7215b'),('202d6447-bd91-4e96-b3a3-a858d03e6a3a',1547685254,'192f2377-4139-11e8-a197-000423af391c'),('2030b481-6ced-46b1-b13f-1ff9422ea2fd',1555631275,'d28ca5c4-9e01-48fd-ade0-cdcd31ddc114'),('203ed979-cb8c-4983-b5ca-548d796b20db',1543282715,'ae09b9b3-abee-4963-856c-9c530ec6e6d3'),('204fcd30-c800-4fdc-917a-ad08aaa88c2a',1545273100,'3535ccdd-a506-46d8-9d2c-783cef557ca8'),('207b3344-9634-45cc-b913-25281e9067b2',1548282299,'cc67a5d3-01df-43c5-ae4c-1a4b6bc5462c'),('20c4fc7c-b1dd-43f6-a61b-6b01b6b3dfc2',1524175295,'192f2377-4139-11e8-a197-000423af391c'),('20da47f3-4a62-4958-8454-b2ef2240101e',1541271998,'192f2377-4139-11e8-a197-000423af391c'),('20ef5005-25e9-48da-b952-4dd1450f54dd',1556758404,'192f2377-4139-11e8-a197-000423af391c'),('2112901c-ea4c-4c1c-99af-6ce086d12b2d',1531497594,'4941aa39-31b7-4ec4-a433-b3e0035bd25f'),('221f62f9-8726-4986-af52-6cb08e6aae4d',1548098205,'344d1082-ce9a-4075-a250-ce5890653ef7'),('223e36e3-6c25-4c30-b77b-a6fae79f1eb1',1524877165,'3d07973c-7d35-4e2c-8108-0d41a4a5b54f'),('2308f320-369e-43fb-84ab-6c0b68d5a0ae',1547009725,'9be2967e-e23a-45c0-9ef7-4a124a206328'),('23697b23-694a-40c7-8a7b-36356584dc05',1550712317,'192f2377-4139-11e8-a197-000423af391c'),('23910c4b-348a-459a-be90-2c361d38b3cd',1543555606,'192f2377-4139-11e8-a197-000423af391c'),('239accf2-98c8-4774-8ea9-ac663ff726a7',1543965661,'4941aa39-31b7-4ec4-a433-b3e0035bd25f'),('23a2d478-f5b7-4222-a2f1-17971ce1b890',1531189783,'492de741-0896-43dd-979d-d2bbb3e7215b'),('23a50ab1-0cf3-4aee-99c7-cd4f7132b8c6',1545524846,'acee8a8e-6a10-4ecf-b584-a849684ad864'),('243a8128-e91c-4e4f-a86c-8c61a0d9de5a',1547008106,'42062fc9-42d4-4202-bb16-3b956f2b025f'),('24a2011e-dd4e-4603-84e2-a41f20329636',1548122948,'192f2377-4139-11e8-a197-000423af391c'),('24b253c3-5116-4382-a007-b9a7e0513119',1547863451,'9be2967e-e23a-45c0-9ef7-4a124a206328'),('24fa2605-fcce-4b4c-9bab-9ec532d870dd',1529813395,'c044fa42-4f8c-4f71-af8e-1e51d5a09948'),('25ee9024-f327-41ae-999e-0b347f70b12e',1543708709,'8eab570d-3084-4450-9c2d-9db2fa0f045f'),('261191d2-529f-4ff7-9393-b12594dbee42',1541283365,'af03530c-7495-4d36-a45b-b357e28604a0'),('2618f122-f73c-4e85-971c-aa64547e70d7',1551562850,'292355f9-f82f-47f1-b4a2-e6ce6778f353'),('26de6af4-311e-41cb-8860-28c7eac5f1e7',1537559201,'192f2377-4139-11e8-a197-000423af391c'),('27940bf0-d12b-4074-86da-c7682fbf0b99',1554508607,'b63ee503-7cb8-471d-bd17-7b5dee9eb994'),('28927982-422a-47c5-b660-2ef262cba510',1543707741,'492de741-0896-43dd-979d-d2bbb3e7215b'),('2892e2aa-b67a-4fce-a444-0d8e19b500cb',1534653670,'fcd1de4f-8022-41a3-8479-1d5ed3d32539'),('28a343d5-c5be-41d5-95c8-c710516f0cd5',1551382483,'4941aa39-31b7-4ec4-a433-b3e0035bd25f'),('29cfff0a-dc2b-4041-8961-269c66bb572f',1548313456,'1a453908-eb42-4dbe-bbbf-977163539bf9'),('2a20f4b4-bd71-49d9-a2fd-a98950edc800',1555566482,'4941aa39-31b7-4ec4-a433-b3e0035bd25f'),('2a2d0997-64aa-4c6b-8a1a-47b88dfa049f',1523945467,'3d07973c-7d35-4e2c-8108-0d41a4a5b54f'),('2a2f6e50-7630-47b6-8508-625f2a20ca90',1533532041,'bf5e347b-0215-48d5-9c3d-a762872a433f'),('2a5e0602-1022-4517-aff4-24cd54cd6a2f',1548174763,'492de741-0896-43dd-979d-d2bbb3e7215b'),('2b3ff9d3-88b6-453c-92da-ecdb40f8d4fe',1523895014,'192f2377-4139-11e8-a197-000423af391c'),('2b446830-763c-4a5a-acc6-b36de0eca329',1554858688,'8f4a24f0-c5c5-489f-bffc-cfedea14b4ce'),('2b5864e0-8021-49ca-89f4-84ea2eec59ec',1547173321,'9be2967e-e23a-45c0-9ef7-4a124a206328'),('2bb25c29-ad2e-4ed4-accc-d6c5d358c696',1539552802,'192f2377-4139-11e8-a197-000423af391c'),('2bc3b77f-ead1-414e-87d0-2a1f6e62648a',1532551817,'4941aa39-31b7-4ec4-a433-b3e0035bd25f'),('2c63a97a-2b5f-4a33-9b48-6278f2b2242d',1525543913,'42062fc9-42d4-4202-bb16-3b956f2b025f'),('2dac3d84-7c4e-4602-9368-16555f6cea5e',1548086407,'b63ee503-7cb8-471d-bd17-7b5dee9eb994'),('2dddc52e-9b78-4f43-9998-5c3e784efa33',1558932513,'192f2377-4139-11e8-a197-000423af391c'),('2f689584-ac36-42bb-934e-d365b8aa3cdc',1548023676,'a6335fc5-28d2-4f0a-80d1-d0886ac5e588'),('300c5066-ca78-4f90-b9eb-92a6f3468f21',1547849132,'b4419687-7164-45fc-ad2a-f21eaf8ea1a4'),('301d7a5a-74c5-44df-8e34-3b08f3d842d0',1552524466,'492de741-0896-43dd-979d-d2bbb3e7215b'),('30e1a742-1f9c-4671-8626-6559104bd21f',1548324706,'26480e2f-e14b-4d70-8af3-17659f9cb80d'),('31d02aae-7ac5-42a9-b4c5-f1d42ff7fd21',1550368467,'492de741-0896-43dd-979d-d2bbb3e7215b'),('31d44832-6153-4d52-a82a-c21091a7e737',1546987627,'192f2377-4139-11e8-a197-000423af391c'),('320504e1-a00d-442a-9fdc-660ebb296652',1530060116,'192f2377-4139-11e8-a197-000423af391c'),('32f35b81-6fdf-408d-bca0-93e73cb251a8',1547440070,'192f2377-4139-11e8-a197-000423af391c'),('34f9caea-859c-496e-8aa7-33a587bb4adb',1549080030,'192f2377-4139-11e8-a197-000423af391c'),('3507fa06-03f6-45fa-a310-91e5f883afe4',1554059022,'cee3aa81-edf9-4e67-82f2-28895b73bc07'),('35567345-3783-4e35-9acd-f88dc572b4d6',1523858143,'192f2377-4139-11e8-a197-000423af391c'),('355a3438-8ab4-46fe-a8b4-451688b5bb2f',1542230232,'192f2377-4139-11e8-a197-000423af391c'),('358d751b-583e-43de-8def-550e3a236b1e',1539901340,'192f2377-4139-11e8-a197-000423af391c'),('35bfe21b-2d81-42c5-9e20-bb6b237b5d39',1528318205,'4941aa39-31b7-4ec4-a433-b3e0035bd25f'),('3745e6dc-9051-4e09-93c2-d9aa91b227fa',1553190617,'192f2377-4139-11e8-a197-000423af391c'),('37b029b5-b858-4846-a830-57d84841e256',1553479718,'192f2377-4139-11e8-a197-000423af391c'),('380b1595-43aa-4071-9e26-76c60d44dc57',1548712431,'39337473-52cd-47c9-8f98-64bfc001c18f'),('383db49e-db94-40d5-9cc7-39155c3507d8',1548962655,'6535412c-078d-4664-b68d-e0aa11ed9dcf'),('38b3def9-2484-498d-b398-e53b0fa6a6dc',1525556498,'fcd1de4f-8022-41a3-8479-1d5ed3d32539'),('38c8b847-da19-44e5-8bb6-9f05e38f6127',1555630196,'192f2377-4139-11e8-a197-000423af391c'),('3932491d-770d-4186-9f86-e169aaecbc11',1547416202,'9be2967e-e23a-45c0-9ef7-4a124a206328'),('3983185e-6790-461b-9756-be72b6b10f02',1548184037,'3d07973c-7d35-4e2c-8108-0d41a4a5b54f'),('3986fdb1-8283-48d5-a810-ac73efc84fa5',1549221305,'192f2377-4139-11e8-a197-000423af391c'),('398f6bd7-c4bf-40f4-9030-1cbf6ba18ea2',1538264960,'8eab570d-3084-4450-9c2d-9db2fa0f045f'),('39d7f554-5419-43a7-9ab5-27e792dc4fd4',1548280578,'ae09b9b3-abee-4963-856c-9c530ec6e6d3'),('3a0e27a0-2de0-474e-9a42-d2358741bde1',1549001212,'af03530c-7495-4d36-a45b-b357e28604a0'),('3a2f0eef-0c54-48fb-911e-cefb5d8510fd',1543992704,'192f2377-4139-11e8-a197-000423af391c'),('3b0a8de8-2f8b-4a9f-b238-1df2fe33a268',1542126445,'3535ccdd-a506-46d8-9d2c-783cef557ca8'),('3bb8666e-d5f9-4ce4-bda3-a3284dbecbbd',1525541727,'3d07973c-7d35-4e2c-8108-0d41a4a5b54f'),('3c1eb6ae-807f-47bc-9454-728404edff37',1542654664,'4941aa39-31b7-4ec4-a433-b3e0035bd25f'),('3ce12a7b-ea40-4a62-ac59-3ad980322414',1536430742,'abc4d79f-22c3-40e7-a1ba-4ea847ea0538'),('3cf9d628-a16a-4ff8-b1f0-f3952a823943',1538697779,'9be2967e-e23a-45c0-9ef7-4a124a206328'),('3db6ad6e-a31d-46f6-98b7-6bae4f2dbedd',1523910859,'6861007b-357b-423f-92f5-0842a5204cd2'),('3e051023-7c89-4c8b-ba1f-281ee6aabd59',1547094413,'acee8a8e-6a10-4ecf-b584-a849684ad864'),('3e468677-ad33-4e7e-b48b-a18a32ed11a3',1549926491,'b0364f10-e7e2-4c37-96d5-87c21524703d'),('3e575f20-1e47-4fe5-bedc-f20b8f6db3cc',1532716963,'6a32ce27-db44-4824-b9cb-286911162050'),('3e9fa3c7-bd75-4a42-ad5e-4054ac0b72ce',1543618472,'1f6f1ae8-c450-4ce2-ad68-2b042d369b86'),('3edc22a1-8030-4e69-8a46-3ca0bbe1790f',1541226731,'2c7adc5c-3e2a-4ced-8a72-53fd88b7b8a0'),('3ef8bae1-f538-4aaf-baae-2bb4e979e7ea',1524876297,'39313184-0979-4595-bea2-7b3e8b745f65'),('3f32eaf6-c895-4c14-a263-6aea49b11352',1539496132,'af9f45a7-8562-465d-99d0-905737365b35'),('3f45af9c-59bc-47ae-8a31-23139f07ed4d',1533241749,'42062fc9-42d4-4202-bb16-3b956f2b025f'),('3f6d55c5-919d-4619-b39c-5f22da66d26b',1543508945,'161d7495-7604-4053-9c5a-ccab78dc6967'),('3f99e98a-4e6d-4989-865f-a03582b81d1f',1555030489,'fcd1de4f-8022-41a3-8479-1d5ed3d32539'),('409e27b5-2e05-4c4b-9be4-7a2718f84335',1554937224,'b0364f10-e7e2-4c37-96d5-87c21524703d'),('40d1ad76-0e02-47a3-8496-0b9c6050e08d',1548209854,'b63ee503-7cb8-471d-bd17-7b5dee9eb994'),('40ff6bf0-9636-4b6c-8353-9e92d868060f',1536955353,'b63ee503-7cb8-471d-bd17-7b5dee9eb994'),('410950de-ff12-41ed-a0fa-5f897ef7fce6',1543376459,'fcd1de4f-8022-41a3-8479-1d5ed3d32539'),('428d9834-03c3-4a39-9e7d-d727ba1d959b',1549305063,'192f2377-4139-11e8-a197-000423af391c'),('431ae2b3-5c05-4b48-b6d9-e5051fc30c67',1534568080,'1a453908-eb42-4dbe-bbbf-977163539bf9'),('431b8cda-6865-4568-bd0a-0695f288dd84',1548122987,'b0364f10-e7e2-4c37-96d5-87c21524703d'),('43ee66b7-bc62-4978-97a6-ccf05bd6baa8',1528927356,'fcd1de4f-8022-41a3-8479-1d5ed3d32539'),('44c8e483-f444-4941-ac01-62a80660674c',1523897844,'39313184-0979-4595-bea2-7b3e8b745f65'),('44ed948a-fe1b-4300-a498-923761e1442f',1533066139,'4941aa39-31b7-4ec4-a433-b3e0035bd25f'),('452756ab-00c7-41b2-a9d6-def85260c32f',1527364355,'4941aa39-31b7-4ec4-a433-b3e0035bd25f'),('45e46965-1889-4517-aaba-57629c394aee',1545157146,'e2a0107c-5052-443c-bb2b-cfc607a2db01'),('46007990-8e17-404f-bf98-46cc755de9ec',1545445451,'192f2377-4139-11e8-a197-000423af391c'),('4692d619-4c76-4e04-97a7-a78346534177',1549135919,'913cb01d-cfc9-400e-9387-cace06776bcd'),('47330944-c855-457d-a598-7b38b25891b9',1548122595,'acee8a8e-6a10-4ecf-b584-a849684ad864'),('4737d6fe-ae71-419d-a5b9-e96c61ef1e15',1548712262,'4941aa39-31b7-4ec4-a433-b3e0035bd25f'),('47648493-db43-486d-8f3b-aecadc78dd70',1537309609,'192f2377-4139-11e8-a197-000423af391c'),('4847129c-96ae-4a4b-a3ec-128c7a2a6a01',1555631808,'d28ca5c4-9e01-48fd-ade0-cdcd31ddc114'),('48ba1441-8431-4040-92c0-0fae4bbede2b',1538542428,'192f2377-4139-11e8-a197-000423af391c'),('49992206-6afe-4573-92f2-334c7a4fdc11',1547517890,'39313184-0979-4595-bea2-7b3e8b745f65'),('49e57248-5a59-4b89-9015-90d6c1bc4cf6',1550467708,'abc4d79f-22c3-40e7-a1ba-4ea847ea0538'),('4acffc79-662c-42f1-b682-5ad3d0095292',1542147540,'af03530c-7495-4d36-a45b-b357e28604a0'),('4b4bd9a7-408b-429a-9f94-d8ac078371d3',1544061706,'ae09b9b3-abee-4963-856c-9c530ec6e6d3'),('4b550fa7-dff3-499a-abff-b0d6c0dcc7c8',1539651661,'7317bd4b-14f3-4a3d-9922-2d70282a4f24'),('4b725b8a-4889-4a99-ac23-812e71be7b10',1536027144,'abc4d79f-22c3-40e7-a1ba-4ea847ea0538'),('4c644893-1e53-49d2-a31c-a3b5e4a3b230',1547259460,'492de741-0896-43dd-979d-d2bbb3e7215b'),('4c7f1ac1-ed98-46b3-b8bd-857f7565fc4b',1544823273,'913cb01d-cfc9-400e-9387-cace06776bcd'),('4ce85259-bc49-475a-91b3-b318c48784ad',1541182338,'ae09b9b3-abee-4963-856c-9c530ec6e6d3'),('4ceac965-7f09-4fab-a7b3-8f566b7fb5b1',1535346529,'e2a0107c-5052-443c-bb2b-cfc607a2db01'),('4d41cb9e-8ff4-4366-be55-8bf2d0ef89a0',1555447020,'a6335fc5-28d2-4f0a-80d1-d0886ac5e588'),('4e8b8173-5a1e-4002-8eb9-5f2be5ee1576',1538704352,'192f2377-4139-11e8-a197-000423af391c'),('4ec30d5d-1c08-4684-8852-9c9dc1e862d8',1542427376,'ae09b9b3-abee-4963-856c-9c530ec6e6d3'),('4ed3f028-722d-41df-9a60-c581f12e367f',1553716333,'497fbb48-5f1a-4bd5-9fc6-d8a4f2b64523'),('4f14b273-3c88-4b1b-8196-82305f9426aa',1551726918,'344d1082-ce9a-4075-a250-ce5890653ef7'),('4f30c915-b8e6-4a11-a28e-7d0b665e39ea',1528776158,'492de741-0896-43dd-979d-d2bbb3e7215b'),('4f8182e7-010f-4fed-93ed-568c3b7caa6c',1546754174,'8f4a24f0-c5c5-489f-bffc-cfedea14b4ce'),('4f95d978-caa9-4d45-8882-5c75eb6d28a2',1551595693,'76c8287f-8332-48a5-8bf5-52e1bb2ab4e2'),('4feb0be1-32b4-40d7-8461-996784b6dfb3',1546403781,'192f2377-4139-11e8-a197-000423af391c'),('5031a721-fc9a-4ed3-b56a-b117e0321b71',1548041418,'acee8a8e-6a10-4ecf-b584-a849684ad864'),('5034ef84-00f1-4b5a-a427-8e6da7ae7740',1538177559,'8f4a24f0-c5c5-489f-bffc-cfedea14b4ce'),('504592bc-3213-4b4d-8168-9c4d22630979',1544068111,'d1f5a880-74bf-45a6-b162-bf861491d2ff'),('51e897cc-4505-4c05-9e58-db7ed2b98369',1538001356,'fcd1de4f-8022-41a3-8479-1d5ed3d32539'),('520706a8-5b9e-428f-b0c9-310cc324223d',1539496044,'192f2377-4139-11e8-a197-000423af391c'),('538febe4-3a85-4174-8130-c545ce8beace',1532667391,'4941aa39-31b7-4ec4-a433-b3e0035bd25f'),('5394df1e-5c3e-4e17-ad79-624d3c76fee0',1541841269,'9be2967e-e23a-45c0-9ef7-4a124a206328'),('53b24cbf-35a8-449a-a59d-a92bfdcc58f7',1537383763,'4941aa39-31b7-4ec4-a433-b3e0035bd25f'),('53b628c4-026c-4a37-b689-a922c58ca6c5',1546211037,'9be2967e-e23a-45c0-9ef7-4a124a206328'),('5437d5cc-0af7-4362-84b4-86d613c51b78',1551235341,'4941aa39-31b7-4ec4-a433-b3e0035bd25f'),('54b55560-9a35-46fe-8e8b-77a4a0801735',1526256768,'192f2377-4139-11e8-a197-000423af391c'),('54b914f6-402d-472e-9200-0e4870c7e503',1544062161,'3535ccdd-a506-46d8-9d2c-783cef557ca8'),('550d8b30-febc-4cb3-ba47-9e56cc23f812',1546980328,'ae09b9b3-abee-4963-856c-9c530ec6e6d3'),('55cfa055-2038-4f90-a34a-7d44e9968039',1549641986,'e2a0107c-5052-443c-bb2b-cfc607a2db01'),('56a6e4d9-f612-4bcc-ad72-e8609abf8a35',1533245679,'192f2377-4139-11e8-a197-000423af391c'),('56c61a55-7a22-4f06-a9cc-760b7ee3ff04',1525018936,'192f2377-4139-11e8-a197-000423af391c'),('57bb12e4-8b63-4d19-8fad-9b03ff9279ec',1548368995,'192f2377-4139-11e8-a197-000423af391c'),('58251862-3158-4ea8-a13e-4faddaa05b48',1547855353,'3d07973c-7d35-4e2c-8108-0d41a4a5b54f'),('583f2a45-f17e-44be-abeb-a242d6460703',1545503739,'af03530c-7495-4d36-a45b-b357e28604a0'),('584ad5d6-3966-4738-b3fc-555cedace601',1540877541,'f9b36d06-2d73-4341-816a-67f326b00f03'),('5910db82-a70e-4d40-b809-1813d9c28344',1541028403,'5fa21001-941d-4f58-adde-55f31720602d'),('59cf6e92-e0c4-4344-a62b-e4e59406280d',1545772093,'b4419687-7164-45fc-ad2a-f21eaf8ea1a4'),('5a49b07f-fc63-408a-bfa6-48698ffdc944',1548962617,'abc4d79f-22c3-40e7-a1ba-4ea847ea0538'),('5bfffb34-dba6-450c-8b68-e8b182bbba0c',1548621825,'b0364f10-e7e2-4c37-96d5-87c21524703d'),('5c2077b3-ed63-4be2-a593-eee374b7dbb0',1548138927,'1a453908-eb42-4dbe-bbbf-977163539bf9'),('5c859f98-e5a4-477d-a8f5-73c4d1935d1d',1554005474,'cee3aa81-edf9-4e67-82f2-28895b73bc07'),('5ceb1f4d-84e4-4ff9-9d1b-c11c4b209feb',1523858712,'abc4d79f-22c3-40e7-a1ba-4ea847ea0538'),('5dcedbc0-58da-4ce9-b7bb-6415049cef2f',1532829266,'492de741-0896-43dd-979d-d2bbb3e7215b'),('5dd9ad2d-68fe-4bf1-b2fd-36d98f1485ed',1549862863,'b63ee503-7cb8-471d-bd17-7b5dee9eb994'),('5dfaf676-697a-4526-8e03-83bc2093c617',1537997044,'192f2377-4139-11e8-a197-000423af391c'),('5ebc247e-290d-411c-a81d-5d5f432b9834',1547159987,'192f2377-4139-11e8-a197-000423af391c'),('6008170a-0dd3-41d4-af6c-02255d94f697',1544816870,'8f4a24f0-c5c5-489f-bffc-cfedea14b4ce'),('60437d00-87c6-4cd0-93b0-32a8ac1ed576',1545397011,'26480e2f-e14b-4d70-8af3-17659f9cb80d'),('606b9c0e-1cc0-498e-aa77-fdce3d641102',1551115504,'b63ee503-7cb8-471d-bd17-7b5dee9eb994'),('61334c23-c7f3-4c87-9713-81e5d1afa95e',1547412809,'e2a0107c-5052-443c-bb2b-cfc607a2db01'),('61a03b17-69b1-4f13-9c4d-723185123302',1533608344,'492de741-0896-43dd-979d-d2bbb3e7215b'),('61e02201-8048-4a0b-9293-91da06e2719b',1551488433,'4f6e3df8-c48f-4849-a676-feee8eef884f'),('61f8778a-15b2-49e7-9431-8ba4bcfdd4a2',1528259783,'3d07973c-7d35-4e2c-8108-0d41a4a5b54f'),('6299b394-a736-46a3-8b49-8979e800cac8',1544336264,'af03530c-7495-4d36-a45b-b357e28604a0'),('62be9a6c-a07a-43bd-a79e-9d832b4542f9',1548055306,'cab7668b-4bd5-4be0-9bab-e0588b870460'),('6330ff47-ac6a-46ec-8d54-9048a8f4b86c',1546714854,'3baf0cbb-64a9-4981-a6d4-91f92ad4a9fe'),('63a99c8a-99eb-4b99-b4bf-e4396d0468ed',1542409155,'3d07973c-7d35-4e2c-8108-0d41a4a5b54f'),('63db8ede-214d-4b29-b8d7-4135c61eee3c',1541196045,'ae09b9b3-abee-4963-856c-9c530ec6e6d3'),('63ec03b9-d9bd-49f4-9713-516586245a3c',1543713904,'4941aa39-31b7-4ec4-a433-b3e0035bd25f'),('6575049a-47af-4bef-9e2a-0021206c025f',1545516349,'de7d1d87-fc14-469e-afa6-143b9bdecd31'),('664b2ea5-ba2e-4dc7-8b2c-d19f336099be',1554414943,'192f2377-4139-11e8-a197-000423af391c'),('66f49e87-0bb4-4e7f-b73f-616e0188ff51',1523931022,'6861007b-357b-423f-92f5-0842a5204cd2'),('6808e1d3-d702-4bf0-b146-9763a5e26fb2',1532828581,'192f2377-4139-11e8-a197-000423af391c'),('6892f714-d4be-4367-bc31-c2bd7e236c4c',1541524710,'b4419687-7164-45fc-ad2a-f21eaf8ea1a4'),('693707ee-94d2-4134-856d-f1d789dcbc19',1536955531,'8f4a24f0-c5c5-489f-bffc-cfedea14b4ce'),('6a596b5d-4f6c-4c05-95c1-cc18888f175a',1523898621,'1f6f1ae8-c450-4ce2-ad68-2b042d369b86'),('6ab1a944-a85d-4e26-bde4-a2c57934781d',1547881444,'8eab570d-3084-4450-9c2d-9db2fa0f045f'),('6ade0f8f-ef63-4de6-9138-a1f8b123f000',1540941181,'2c7adc5c-3e2a-4ced-8a72-53fd88b7b8a0'),('6b83c0b7-16e4-47b1-9fff-0150f527b79f',1544157389,'192f2377-4139-11e8-a197-000423af391c'),('6bf6f2d6-03d5-4ad2-a332-e138bfb18a7c',1538264964,'8eab570d-3084-4450-9c2d-9db2fa0f045f'),('6caab7fd-55cb-4742-bd24-e002c02675c4',1541025376,'b4419687-7164-45fc-ad2a-f21eaf8ea1a4'),('6d4f4f2b-09b9-4b36-b213-41c2b75013a5',1547793900,'192f2377-4139-11e8-a197-000423af391c'),('70bb2fdb-a1cd-4c40-8cc4-75608a5251bd',1542098094,'192f2377-4139-11e8-a197-000423af391c'),('715afde8-bd6b-41be-9c79-882b707359b3',1543514001,'192f2377-4139-11e8-a197-000423af391c'),('72b4c2e9-1aa1-4950-8b33-51793313720d',1540005994,'3535ccdd-a506-46d8-9d2c-783cef557ca8'),('72ca62e4-cc51-47b4-ba81-38cf59dfa97f',1546795421,'3d07973c-7d35-4e2c-8108-0d41a4a5b54f'),('72f9ea75-a0ec-415e-a670-3906c2553e7d',1551119005,'4941aa39-31b7-4ec4-a433-b3e0035bd25f'),('7352e5e6-3c67-40da-9006-36a9cea5f69a',1542663718,'d1f5a880-74bf-45a6-b162-bf861491d2ff'),('737af1f4-395c-411e-8818-422c0ba9569e',1543934757,'5fa21001-941d-4f58-adde-55f31720602d'),('73b7202c-fc3e-4b65-bf2c-824e5eabfa2c',1523858221,'192f2377-4139-11e8-a197-000423af391c'),('73effd36-e4f6-45ba-95ff-b1d9a5678e03',1530053224,'9be2967e-e23a-45c0-9ef7-4a124a206328'),('74328235-4cc5-4a1f-923e-ef5be40696d9',1543710206,'b4419687-7164-45fc-ad2a-f21eaf8ea1a4'),('746187c9-10a3-41c3-ac40-daab4d500a5d',1536027320,'5130ba33-25b8-4e97-9493-5f7ed52bdc46'),('74ec3c81-e238-45b4-a3e6-bcd47c2864f8',1527643727,'492de741-0896-43dd-979d-d2bbb3e7215b'),('75362569-9b8d-4d47-aac8-6bf937584b51',1541035358,'cdba53bc-7f2c-443f-9a21-ea94592b9850'),('75d7fa0d-3248-4ec8-9ffb-487a7c96b56c',1544229367,'09dcf258-f6fc-4848-8a38-12611b320ba5'),('766e608f-1a87-4224-b04e-5c97313f0e45',1524190723,'c64e3f9c-0718-4b2e-9cec-a82af4dd9229'),('76ca3ffe-fa58-477b-ad2b-26d62a7f4dd1',1547851682,'acee8a8e-6a10-4ecf-b584-a849684ad864'),('76d9de14-cb0d-4fd9-8afe-0815e8b59d1d',1545513451,'acee8a8e-6a10-4ecf-b584-a849684ad864'),('77434966-6ad6-469b-87ad-c4797e60a6bf',1525476267,'6a32ce27-db44-4824-b9cb-286911162050'),('77cc7547-c46b-4668-ae35-68db70b2de87',1529033338,'6a32ce27-db44-4824-b9cb-286911162050'),('785b8e8b-2ca0-4226-85fe-721a0addb173',1548098870,'d1f5a880-74bf-45a6-b162-bf861491d2ff'),('789c9547-8ddd-4a2b-979b-297dff7035ad',1543970292,'3d07973c-7d35-4e2c-8108-0d41a4a5b54f'),('78e7f77c-4602-42d0-9bc1-4d4dc8c7e6ab',1541314019,'492de741-0896-43dd-979d-d2bbb3e7215b'),('79f12dc7-dead-421c-adf3-1a3d361ef447',1534981896,'e2a0107c-5052-443c-bb2b-cfc607a2db01'),('79f47dc6-3831-4497-89bd-599e28bc0017',1555023835,'192f2377-4139-11e8-a197-000423af391c'),('7a15bbc5-d97d-4e84-b7cb-851cf4bb7356',1547793947,'cab7668b-4bd5-4be0-9bab-e0588b870460'),('7ade3641-90ed-4785-9437-d2da1356b12e',1550796785,'b0364f10-e7e2-4c37-96d5-87c21524703d'),('7af850bd-3eba-496d-8771-06669f81ca35',1546231967,'8f4a24f0-c5c5-489f-bffc-cfedea14b4ce'),('7ce15c6b-887d-47e3-a862-6d91a6e0e61f',1534950988,'192f2377-4139-11e8-a197-000423af391c'),('7dc41ee2-f5ff-459f-8ed1-61691c6c1c16',1535571749,'5fa21001-941d-4f58-adde-55f31720602d'),('7dfaec00-9346-444d-bee4-37e637d98b7d',1548363882,'95569911-7d7b-4024-aace-da4c1dce541c'),('7e81b351-4caf-4c3a-876f-d4a0a434fde7',1547658557,'e2a0107c-5052-443c-bb2b-cfc607a2db01'),('7ed22980-7c60-40fa-93ba-a7dcc4fe3507',1550791779,'e2a0107c-5052-443c-bb2b-cfc607a2db01'),('7ed438e0-15b6-471f-aeae-b442b669b072',1538698110,'9be2967e-e23a-45c0-9ef7-4a124a206328'),('7ed792d9-54cd-4946-9921-af3c3f7bf0f6',1549558711,'41706156-f816-448b-b989-1fe235d6678f'),('7eeb59e0-1d83-4231-94ef-29002cb7ac52',1530730675,'192f2377-4139-11e8-a197-000423af391c'),('800c0406-5c28-4e91-aeda-5371c8bd9609',1546739442,'ae09b9b3-abee-4963-856c-9c530ec6e6d3'),('8058de3d-3d7d-46c6-9c6d-9779778712ce',1552270266,'913cb01d-cfc9-400e-9387-cace06776bcd'),('808eb953-33b2-4844-a6fe-66cb7ffcfbde',1548813073,'abc4d79f-22c3-40e7-a1ba-4ea847ea0538'),('80a13816-a925-4dae-b33e-2c9d1b24f02d',1554314450,'4941aa39-31b7-4ec4-a433-b3e0035bd25f'),('811e1773-2c5f-4de8-9801-a7ee01a387a8',1550040624,'b4419687-7164-45fc-ad2a-f21eaf8ea1a4'),('81b3f735-e12d-40ee-a46f-2aa17badb707',1548784277,'20577c48-749e-42bf-9881-f23a7918c3e5'),('82f259d7-eefd-4f6b-89c0-afcba2825d89',1543196251,'764945d1-8e87-4ba9-b072-35ca8e74e8f3'),('8395d727-09f1-4db5-b2c7-29d853c38bea',1545505804,'acee8a8e-6a10-4ecf-b584-a849684ad864'),('84441801-5f3e-48fb-9c38-759a6d725182',1537718661,'b63ee503-7cb8-471d-bd17-7b5dee9eb994'),('845cd8ca-4da2-4713-98ce-a4f30fe7b07a',1558820980,'4941aa39-31b7-4ec4-a433-b3e0035bd25f'),('8634181f-6106-4f61-8278-92dcc1d88239',1548386773,'9be2967e-e23a-45c0-9ef7-4a124a206328'),('8640d191-4f82-408d-bd0a-4b4acc7e492a',1540014873,'b63ee503-7cb8-471d-bd17-7b5dee9eb994'),('86a0d482-0f7f-4b9b-b992-db718849aa82',1524174681,'c64e3f9c-0718-4b2e-9cec-a82af4dd9229'),('8738aef8-cf73-482c-a37d-86f6172e2460',1543705351,'192f2377-4139-11e8-a197-000423af391c'),('87d28f35-a262-48bc-9b2a-ae6ad1a5b530',1550733626,'9be2967e-e23a-45c0-9ef7-4a124a206328'),('87fdf0c9-8892-457a-92bb-99f2f9f40e29',1542932906,'4941aa39-31b7-4ec4-a433-b3e0035bd25f'),('883af978-404f-4a29-86a7-1733203900ea',1541990915,'fcd1de4f-8022-41a3-8479-1d5ed3d32539'),('886671d8-eda6-4fac-9edc-aed443353c11',1551302484,'3d07973c-7d35-4e2c-8108-0d41a4a5b54f'),('88f6e5fc-dc3f-4fc6-a57a-3fdacb6f00ce',1532662554,'192f2377-4139-11e8-a197-000423af391c'),('89247ca7-db90-4653-b9db-148a46350b2e',1542147575,'a6335fc5-28d2-4f0a-80d1-d0886ac5e588'),('8a128901-480f-4413-b153-0ec8aa7e11c2',1547876472,'b63ee503-7cb8-471d-bd17-7b5dee9eb994'),('8a12c75c-a4b3-4feb-be38-7b781e65621f',1531670843,'b4419687-7164-45fc-ad2a-f21eaf8ea1a4'),('8b1be005-4e3f-4ada-87ca-edbef45ce72e',1547320731,'c157fed0-636b-4f80-b705-87ee6fd8f460'),('8b660d5f-49aa-4c03-9328-bb745715a66a',1547792883,'ae09b9b3-abee-4963-856c-9c530ec6e6d3'),('8b9c7c81-2837-4e50-a284-7b794ad59417',1532883272,'4941aa39-31b7-4ec4-a433-b3e0035bd25f'),('8bafe42a-024c-4907-878d-277b323d0918',1547938172,'fcd1de4f-8022-41a3-8479-1d5ed3d32539'),('8bbbc2d5-2a8d-4dec-bd06-1d866a8e293a',1549871120,'4941aa39-31b7-4ec4-a433-b3e0035bd25f'),('8be582db-a495-4f67-84d1-f1006fee400d',1534953335,'3b385db1-8cdf-460d-93ef-982e1d5561a4'),('8c0a20a7-b60e-4144-a2ad-46cf82e4dddf',1548098327,'9c5f775d-cec7-4791-b0c6-777a44bb060e'),('8c2b40c1-d9fa-4355-9323-d48818c4a7c2',1541634356,'3d07973c-7d35-4e2c-8108-0d41a4a5b54f'),('8cdfcc2e-09af-44b7-be4d-e3add8237ec9',1528250552,'3d07973c-7d35-4e2c-8108-0d41a4a5b54f'),('8e0a9815-2686-40ef-8b65-b71b16075243',1548099009,'39337473-52cd-47c9-8f98-64bfc001c18f'),('8e1463d6-72a6-45f2-a4e4-defe8931a1cb',1546157903,'de7d1d87-fc14-469e-afa6-143b9bdecd31'),('8e272f51-0231-492c-a187-e6f141908cc7',1539057250,'26480e2f-e14b-4d70-8af3-17659f9cb80d'),('9076ad10-0f2a-4064-bc7d-9f3fff4f38c2',1535513666,'5fa21001-941d-4f58-adde-55f31720602d'),('927a361e-80ef-433a-b629-8ac890a121db',1541131182,'2c7adc5c-3e2a-4ced-8a72-53fd88b7b8a0'),('928f98a0-c6fa-4ff2-bad0-1af6ba77f716',1549775607,'b4419687-7164-45fc-ad2a-f21eaf8ea1a4'),('92b841d0-e6b6-4ec5-a882-58f75d842255',1535409734,'9be2967e-e23a-45c0-9ef7-4a124a206328'),('92baf92d-22fa-4fd4-bfdc-2cfa4a383268',1546565192,'b4419687-7164-45fc-ad2a-f21eaf8ea1a4'),('93ac1816-7226-4db7-bb39-6eda05ce2fb8',1539138061,'192f2377-4139-11e8-a197-000423af391c'),('93bf872c-2674-4cf1-ad98-4591230ee164',1531956431,'fcd1de4f-8022-41a3-8479-1d5ed3d32539'),('940e2ad4-6a2e-4b4c-a67a-07fb9f12ee02',1538504996,'192f2377-4139-11e8-a197-000423af391c'),('941aa396-4aef-41d1-aff8-1f4d63442e4b',1545910014,'26480e2f-e14b-4d70-8af3-17659f9cb80d'),('946757cf-08dc-4506-85de-f80523753576',1542663669,'192f2377-4139-11e8-a197-000423af391c'),('94e6e977-c067-4371-b064-2507b54c260a',1525553312,'492de741-0896-43dd-979d-d2bbb3e7215b'),('951e9f9e-f92c-4897-b808-25eac9b53b04',1542495318,'c64e3f9c-0718-4b2e-9cec-a82af4dd9229'),('95451414-3e60-4404-ae6e-00311eb45829',1548101385,'9be2967e-e23a-45c0-9ef7-4a124a206328'),('95876afe-0fb3-4fd2-8c69-598c0b742eb3',1551740277,'3d07973c-7d35-4e2c-8108-0d41a4a5b54f'),('96262da0-c7b7-4582-9223-f4fe774c252e',1548532167,'b63ee503-7cb8-471d-bd17-7b5dee9eb994'),('97bc7cf0-9457-478b-9179-5357a9d7425c',1544148407,'161d7495-7604-4053-9c5a-ccab78dc6967'),('97e9ae3d-e2a6-4058-aa39-4285e0f69f42',1525066848,'3d07973c-7d35-4e2c-8108-0d41a4a5b54f'),('98b7ef10-1517-4150-9277-61b6f34290c1',1539554639,'ae09b9b3-abee-4963-856c-9c530ec6e6d3'),('98bb3540-fe16-458b-8ddb-4db54449d041',1548055331,'cab7668b-4bd5-4be0-9bab-e0588b870460'),('99fc2abe-04e9-4454-a732-a0ec83fbbe78',1539541164,'b63ee503-7cb8-471d-bd17-7b5dee9eb994'),('9a85222f-2165-414f-a722-8c89f03d0fce',1524876353,'39313184-0979-4595-bea2-7b3e8b745f65'),('9aa93837-7067-423e-a8b6-9e87efb1985b',1539998185,'3535ccdd-a506-46d8-9d2c-783cef557ca8'),('9ab00de5-9ee8-4082-96f4-4b5eb197f6c7',1559501362,'492de741-0896-43dd-979d-d2bbb3e7215b'),('9ad856de-71c2-440e-9f55-8b3597ab0c58',1529992767,'192f2377-4139-11e8-a197-000423af391c'),('9b0ce1d0-4f6b-425a-bade-08bbdf178d91',1547333316,'fcd1de4f-8022-41a3-8479-1d5ed3d32539'),('9b14686f-c19e-4122-9ef2-be575ac31739',1551485998,'b4419687-7164-45fc-ad2a-f21eaf8ea1a4'),('9b40f2d9-f1e4-4bbe-ab46-77be666eeb28',1549596349,'b63ee503-7cb8-471d-bd17-7b5dee9eb994'),('9b6057dd-d466-43cd-9756-d70d4d6a54f7',1548039916,'9be2967e-e23a-45c0-9ef7-4a124a206328'),('9b70291e-04f8-45d7-9607-14cf3e3d7c2d',1549413715,'09dcf258-f6fc-4848-8a38-12611b320ba5'),('9bc4abc8-7315-49b7-8ccc-15c6c08e1166',1533453830,'4941aa39-31b7-4ec4-a433-b3e0035bd25f'),('9bd11a62-50b3-4093-a69b-d8658f7adea6',1539626140,'f9b36d06-2d73-4341-816a-67f326b00f03'),('9bfab48c-951f-4635-8844-19295d377c1f',1550808115,'bf5e347b-0215-48d5-9c3d-a762872a433f'),('9c364500-783e-4f5a-8af0-3fd20bdef48a',1524962317,'abc4d79f-22c3-40e7-a1ba-4ea847ea0538'),('9c401f32-b8cc-4070-9eee-38aabec8fc3a',1551129185,'cc67a5d3-01df-43c5-ae4c-1a4b6bc5462c'),('9c5f8f3d-1cbc-4344-a63f-31682240a007',1525062872,'492de741-0896-43dd-979d-d2bbb3e7215b'),('9d5b1df3-18e5-4194-a2b9-98116a4c9322',1559151140,'192f2377-4139-11e8-a197-000423af391c'),('9dfa06b8-34eb-45ac-a7d3-8db3df1e8f8a',1539548384,'192f2377-4139-11e8-a197-000423af391c'),('9e7ecf77-111d-4604-b881-9967c28f821a',1548357062,'c64e3f9c-0718-4b2e-9cec-a82af4dd9229'),('9f142252-e19b-4bbf-b12a-f1a7e15a6770',1536021454,'192f2377-4139-11e8-a197-000423af391c'),('9f297ccb-20d2-4e40-93c3-0753e47823e1',1549255891,'b63ee503-7cb8-471d-bd17-7b5dee9eb994'),('9f3e1577-b144-4476-9245-a0bc0d462798',1539364601,'4941aa39-31b7-4ec4-a433-b3e0035bd25f'),('9f4e53a7-882e-45b8-a476-ee66072994de',1547008826,'42062fc9-42d4-4202-bb16-3b956f2b025f'),('9f5d5080-cd29-483a-9976-5a36ace8092a',1552185961,'192f2377-4139-11e8-a197-000423af391c'),('a03a3f83-332b-43d2-ae09-13390594a193',1540004255,'ae09b9b3-abee-4963-856c-9c530ec6e6d3'),('a0cada76-1c66-4433-bc06-596257c2555a',1537112690,'b63ee503-7cb8-471d-bd17-7b5dee9eb994'),('a2bd6c7f-2ed3-4aac-b014-11240c0ccfd1',1535693651,'192f2377-4139-11e8-a197-000423af391c'),('a312dfbe-88e1-4101-bb03-74f9ea843ea7',1546302591,'fcd1de4f-8022-41a3-8479-1d5ed3d32539'),('a31d8d18-2843-4dff-ba6e-22384cc7d576',1538176159,'192f2377-4139-11e8-a197-000423af391c'),('a3339f22-6541-41f0-afe1-13c608f7422d',1530053273,'6a32ce27-db44-4824-b9cb-286911162050'),('a418724a-b6cd-438f-9f7d-8d1f7fcdf7fd',1550262401,'b63ee503-7cb8-471d-bd17-7b5dee9eb994'),('a44c3b7f-5c7f-42ea-98ad-fb23a1067bdd',1548798005,'66597792-bd89-44d7-9f7d-35f22ef7b8b9'),('a4701e77-e939-45bb-bbb4-d8567dcb6338',1544151824,'9f063b4d-d53e-4db1-bfb7-cdff4e89bfde'),('a4da59c7-bf4d-40aa-91a9-60e1f0924c58',1547347093,'192f2377-4139-11e8-a197-000423af391c'),('a538b111-f064-4c7e-9f5a-101004f73cb6',1542672702,'3d07973c-7d35-4e2c-8108-0d41a4a5b54f'),('a57db2c0-6fcf-49d0-9765-73098307c50b',1548026679,'9be2967e-e23a-45c0-9ef7-4a124a206328'),('a5c1463f-ce31-4262-b14a-142a94e64718',1546582222,'192f2377-4139-11e8-a197-000423af391c'),('a756c688-2f4d-4fb1-aa5c-e62a2cb34c10',1538108553,'5fa21001-941d-4f58-adde-55f31720602d'),('a775022c-9d3c-444b-be80-294e38a869ab',1537122084,'8f4a24f0-c5c5-489f-bffc-cfedea14b4ce'),('a85fc7dd-1d8b-4d2c-9a0e-a8a9832fa351',1533076671,'192f2377-4139-11e8-a197-000423af391c'),('a8a8e5f1-8906-49d9-a8c7-4260b6514ff0',1530839422,'e2a0107c-5052-443c-bb2b-cfc607a2db01'),('a9417245-497e-4783-838f-e6e16ec36ac1',1542781938,'1a453908-eb42-4dbe-bbbf-977163539bf9'),('a987ccd1-b70b-4082-85c0-0326c88f900d',1532568400,'192f2377-4139-11e8-a197-000423af391c'),('a9c516a8-6c00-4a3e-b510-bb141c7e9022',1547521188,'492de741-0896-43dd-979d-d2bbb3e7215b'),('a9d9af29-0555-426a-85ba-788c207c1e78',1544042930,'09dcf258-f6fc-4848-8a38-12611b320ba5'),('aa2bea31-f5ee-4323-b834-e3219e95804d',1536769833,'192f2377-4139-11e8-a197-000423af391c'),('aa336cda-db8c-4109-99ac-ae00a4b1c6a6',1559179408,'1f6f1ae8-c450-4ce2-ad68-2b042d369b86'),('aa52415c-c87d-45c3-87af-04b11e3f3e97',1543290553,'192f2377-4139-11e8-a197-000423af391c'),('aa683828-fb1c-4347-a250-926f43e1de41',1547716575,'192f2377-4139-11e8-a197-000423af391c'),('aabbf5a8-89e9-4cf5-8aa0-35704f3b8b82',1525542694,'192f2377-4139-11e8-a197-000423af391c'),('aae8d14d-976f-4214-852f-b4be2a884f5e',1553802493,'4941aa39-31b7-4ec4-a433-b3e0035bd25f'),('aaf0323e-2a96-4481-b0f4-1b06e95e4a9d',1537278092,'3d07973c-7d35-4e2c-8108-0d41a4a5b54f'),('ab1a94e4-f899-42cd-8a88-97fcc296eb75',1531497684,'192f2377-4139-11e8-a197-000423af391c'),('ab524b18-9d29-45ec-a7ec-ebedd249692a',1536866081,'b63ee503-7cb8-471d-bd17-7b5dee9eb994'),('ab7fee58-3a1b-4706-83a6-c1f1598a8d2c',1558311203,'b4419687-7164-45fc-ad2a-f21eaf8ea1a4'),('ab80c72f-2905-407f-9082-4b338a6709d7',1548814084,'913cb01d-cfc9-400e-9387-cace06776bcd'),('ac2c8e0d-5bc3-4175-bf3c-eb8a46c22e56',1533752779,'3d07973c-7d35-4e2c-8108-0d41a4a5b54f'),('ac4ebbe6-83fc-4930-bd15-da0cc9dbd38c',1539638207,'4941aa39-31b7-4ec4-a433-b3e0035bd25f'),('ac5b5146-2d61-46bb-b93a-ee1e31f7caeb',1548121929,'344d1082-ce9a-4075-a250-ce5890653ef7'),('ad25323e-5d26-4d82-abb6-f87c45aa5daa',1549401656,'9be2967e-e23a-45c0-9ef7-4a124a206328'),('ada0dc94-e942-451f-8645-ad53379c215e',1543090261,'4941aa39-31b7-4ec4-a433-b3e0035bd25f'),('adba835d-535c-4af5-9c6b-bf9198ad0ac0',1544914460,'b4419687-7164-45fc-ad2a-f21eaf8ea1a4'),('ae11c1ce-d7cc-4385-bc9d-2a5242a8bd14',1549001554,'66597792-bd89-44d7-9f7d-35f22ef7b8b9'),('ae7461c9-a6b6-4d20-9af5-85cab30971f7',1530571942,'192f2377-4139-11e8-a197-000423af391c'),('af133702-c030-49a0-848f-018aa65ccfec',1540853005,'3535ccdd-a506-46d8-9d2c-783cef557ca8'),('af2fa000-fbda-4266-bca8-b43d2d0246c3',1543387663,'192f2377-4139-11e8-a197-000423af391c'),('b02687ee-c560-4b04-9e22-be55954c8de0',1531497837,'b4419687-7164-45fc-ad2a-f21eaf8ea1a4'),('b0a4cce9-8c64-4693-b0bb-9dfa561d9600',1555727862,'26480e2f-e14b-4d70-8af3-17659f9cb80d'),('b0c5ba22-6098-4486-b55d-63e8ccfb5d16',1549498158,'4941aa39-31b7-4ec4-a433-b3e0035bd25f'),('b0e3223b-10ce-463e-adb5-c091c2335218',1547867616,'39337473-52cd-47c9-8f98-64bfc001c18f'),('b1c3fe1a-790c-4c17-aa87-c0a51eb2542a',1539625122,'192f2377-4139-11e8-a197-000423af391c'),('b1e1f35c-1d57-45fc-b4a4-c9f8d0f8ce75',1547685269,'192f2377-4139-11e8-a197-000423af391c'),('b2411f9b-3e0e-409c-9389-ec676898ec73',1536645947,'c275c289-0730-4a31-b06c-c7540abf4b3c'),('b244be25-21a0-4d3f-b888-10741fc9e694',1547838330,'e2a0107c-5052-443c-bb2b-cfc607a2db01'),('b3104c62-3970-4b61-81bd-03231b88efe1',1526334682,'3d07973c-7d35-4e2c-8108-0d41a4a5b54f'),('b312d959-7a01-4b13-8e82-0e2739ab485f',1525027963,'bf5e347b-0215-48d5-9c3d-a762872a433f'),('b331ba63-87b1-48dd-b1d3-2e8fdbf0f936',1533683340,'4941aa39-31b7-4ec4-a433-b3e0035bd25f'),('b36e1a5d-e0bd-411d-9f97-6d054a3fe54a',1533092394,'192f2377-4139-11e8-a197-000423af391c'),('b3844b43-59bf-488b-948f-9b8d8b618033',1544067334,'d1f5a880-74bf-45a6-b162-bf861491d2ff'),('b4a20f6a-5a49-4120-98c1-abf8b90ccce0',1547821601,'9be2967e-e23a-45c0-9ef7-4a124a206328'),('b4b2c99f-0c1d-4be3-8fe3-3dd295edd1da',1550696832,'b63ee503-7cb8-471d-bd17-7b5dee9eb994'),('b51a80aa-1fec-4d52-b3db-9462a96c51f6',1541807469,'ae09b9b3-abee-4963-856c-9c530ec6e6d3'),('b52cb2fe-8968-49b2-b488-990cfdababf5',1532660520,'192f2377-4139-11e8-a197-000423af391c'),('b5807043-3058-448c-b108-008b2a26e51f',1533095256,'492de741-0896-43dd-979d-d2bbb3e7215b'),('b71973ed-3862-470f-94e3-92b0414cff28',1543966694,'161d7495-7604-4053-9c5a-ccab78dc6967'),('b7d6f875-fa29-4de9-b76e-91faf9200a93',1554005283,'192f2377-4139-11e8-a197-000423af391c'),('b8395937-0d6b-4da7-99d0-337e641193fe',1551243681,'cc67a5d3-01df-43c5-ae4c-1a4b6bc5462c'),('ba1ade27-18a4-4ded-9ffa-f831dc9f649a',1544822232,'cdba53bc-7f2c-443f-9a21-ea94592b9850'),('bac0158d-3b4e-4828-82e0-07ce8174bc65',1554431448,'f753375a-b9c2-47eb-98e2-a8ae6a245e36'),('bba46f1e-71db-4039-8681-fc8eb5ac2a2e',1548386132,'b63ee503-7cb8-471d-bd17-7b5dee9eb994'),('bbecb9fd-e1a2-4908-97a1-c2848b903d91',1533664445,'5fa21001-941d-4f58-adde-55f31720602d'),('bbef7156-9b94-4a8d-a89c-55c97ba4c66c',1551491466,'39337473-52cd-47c9-8f98-64bfc001c18f'),('bbf31f69-3457-47ac-88e3-fd4f0866ea27',1539978508,'192f2377-4139-11e8-a197-000423af391c'),('bc4a5635-9dee-4c67-9436-98967e89cfbf',1525722760,'3d07973c-7d35-4e2c-8108-0d41a4a5b54f'),('bcc9ac13-ca9f-4070-a399-1a8e25518a2f',1541971462,'de7d1d87-fc14-469e-afa6-143b9bdecd31'),('bce674e0-9e7d-49eb-b1de-44072b459a11',1559179354,'492de741-0896-43dd-979d-d2bbb3e7215b'),('bcf81eb3-72f2-4ef7-8d75-f3e72c334e17',1547877256,'161d7495-7604-4053-9c5a-ccab78dc6967'),('bd11566e-a8a9-4a97-a470-0ff5e8819018',1546406106,'26480e2f-e14b-4d70-8af3-17659f9cb80d'),('bd1247c4-e831-4d3b-b2f3-752b027082ba',1546826402,'492de741-0896-43dd-979d-d2bbb3e7215b'),('bdad6d27-3303-474d-a749-c494ea3efeb0',1541892376,'3535ccdd-a506-46d8-9d2c-783cef557ca8'),('be3059e7-b1d1-46b1-b28a-2cc6a38cc09e',1554403350,'fcd1de4f-8022-41a3-8479-1d5ed3d32539'),('beb1f34e-fd0a-4c6a-b4a2-90c0000df101',1539316658,'26480e2f-e14b-4d70-8af3-17659f9cb80d'),('bf303918-b001-4311-b0fb-5452bd333a26',1542509649,'913cb01d-cfc9-400e-9387-cace06776bcd'),('bf7f1152-5da2-4044-a271-3a7d993baf8d',1544058780,'3baf0cbb-64a9-4981-a6d4-91f92ad4a9fe'),('c04d935d-e3c5-43c1-ac32-c1fbf5e6f8a1',1548646452,'b63ee503-7cb8-471d-bd17-7b5dee9eb994'),('c0fcff1e-397e-4821-838a-18033bf50e9b',1557065460,'4941aa39-31b7-4ec4-a433-b3e0035bd25f'),('c160bcfb-5047-4277-b4b5-9d4c4421461c',1542391586,'192f2377-4139-11e8-a197-000423af391c'),('c161fa4c-4095-471b-a797-4401e1e24a7d',1548099405,'bf5e347b-0215-48d5-9c3d-a762872a433f'),('c1d6b956-ba74-4210-819c-75660d656ebf',1523895016,'39313184-0979-4595-bea2-7b3e8b745f65'),('c28320c3-3bf5-4b5e-9d63-a08a0fa33483',1539828919,'b63ee503-7cb8-471d-bd17-7b5dee9eb994'),('c2a314a6-e0b6-43a0-9e6a-803756a0ef1c',1534953276,'192f2377-4139-11e8-a197-000423af391c'),('c373d667-d2dd-4d34-9583-572f06caca19',1541283298,'ae09b9b3-abee-4963-856c-9c530ec6e6d3'),('c3f4e588-b98c-4183-b05a-5ff496f03bca',1539637680,'192f2377-4139-11e8-a197-000423af391c'),('c4287b47-fb95-48f0-83ed-bd996bb3798e',1537045992,'26480e2f-e14b-4d70-8af3-17659f9cb80d'),('c42f41f2-2aab-4fc3-8af8-99bc5e3a35f0',1541460589,'3535ccdd-a506-46d8-9d2c-783cef557ca8'),('c7862ab2-30ca-41c0-91cd-15400b5ed6ea',1538706779,'9be2967e-e23a-45c0-9ef7-4a124a206328'),('c85315a5-2e32-45dc-9252-e62b373233e7',1541903084,'ae09b9b3-abee-4963-856c-9c530ec6e6d3'),('c87b837a-bae8-4e88-8b70-be66139cd57f',1550363833,'344d1082-ce9a-4075-a250-ce5890653ef7'),('c93742e8-e472-43ff-a5ce-aa8b71d1a64e',1548041417,'acee8a8e-6a10-4ecf-b584-a849684ad864'),('c9577dd9-2742-4ee6-8959-21fe2e8178a1',1535575926,'9be2967e-e23a-45c0-9ef7-4a124a206328'),('c995f323-2363-4558-9253-f86fb382a014',1531372496,'192f2377-4139-11e8-a197-000423af391c'),('c9e9f618-1aab-4ec1-8b7a-f4f3957fa0af',1536608103,'192f2377-4139-11e8-a197-000423af391c'),('ca072e49-ed5b-4e1f-a28d-4b1ef3361278',1547844442,'20577c48-749e-42bf-9881-f23a7918c3e5'),('ca51a146-fe3e-4f3e-8908-bdc1f7ce435a',1543350456,'192f2377-4139-11e8-a197-000423af391c'),('ca5d2d03-6d94-498b-bb31-1c70028f57ee',1548813477,'913cb01d-cfc9-400e-9387-cace06776bcd'),('cab0f395-3e93-4cec-a70b-d944f6c074ec',1546234452,'de7d1d87-fc14-469e-afa6-143b9bdecd31'),('cc7bbaf4-42ba-4f53-a43e-e04c9359096f',1546916080,'9be2967e-e23a-45c0-9ef7-4a124a206328'),('ce973d1c-6787-4de7-afcb-d607612ad3d1',1528813855,'192f2377-4139-11e8-a197-000423af391c'),('ced4c0ab-e7c4-4b19-aeee-f3cc17a2d235',1530928991,'fcd1de4f-8022-41a3-8479-1d5ed3d32539'),('cedcc2de-0a0d-40be-bace-674a8c78efd9',1549555047,'192f2377-4139-11e8-a197-000423af391c'),('cedcd2ad-20c2-43d1-bc50-b779fbc1ee28',1543716217,'fcd1de4f-8022-41a3-8479-1d5ed3d32539'),('cedfaf59-2a0b-4ce4-8293-8027b19ec14b',1539144149,'26480e2f-e14b-4d70-8af3-17659f9cb80d'),('cf04ba38-a1c9-4f0f-ae77-dc9e22d1da04',1544149402,'3d07973c-7d35-4e2c-8108-0d41a4a5b54f'),('cf40a3ac-ab50-4a76-89c6-795a13261ada',1547411603,'8f4a24f0-c5c5-489f-bffc-cfedea14b4ce'),('cf56ece3-f4bb-4a4d-a98a-ece984163d2a',1523858562,'5fa21001-941d-4f58-adde-55f31720602d'),('cfd7f3dc-ab2e-4035-b56a-e1bdefc04af3',1523895028,'4941aa39-31b7-4ec4-a433-b3e0035bd25f'),('cffe2513-7226-4395-bbeb-1dc7c36b843e',1541747045,'e7b3514f-8a25-4922-b298-e1bfe87bad28'),('d006ee96-5cf3-47c7-b4e6-c2e8e9ab5279',1527785360,'9be2967e-e23a-45c0-9ef7-4a124a206328'),('d0b3dad7-6a44-4138-8779-c92f5860bae1',1540851529,'af03530c-7495-4d36-a45b-b357e28604a0'),('d0d45943-ca38-4391-85af-769dc382c618',1526087061,'3d07973c-7d35-4e2c-8108-0d41a4a5b54f'),('d0e35d43-1209-4f8c-ba48-c80673736b1b',1537059754,'192f2377-4139-11e8-a197-000423af391c'),('d1d5c7b6-1104-4570-8886-1b50123285df',1554065065,'cee3aa81-edf9-4e67-82f2-28895b73bc07'),('d213e886-3523-44ca-a24e-acdf29b250dc',1539138121,'c157fed0-636b-4f80-b705-87ee6fd8f460'),('d25a22c8-5248-484b-995f-c544c9d0e798',1551913354,'4941aa39-31b7-4ec4-a433-b3e0035bd25f'),('d282c209-217b-4fc6-9d4e-d33f276dedad',1525062632,'abc4d79f-22c3-40e7-a1ba-4ea847ea0538'),('d2b4363d-fa46-4648-87bf-26faedd061a8',1546234631,'3d07973c-7d35-4e2c-8108-0d41a4a5b54f'),('d37f216d-fbf8-4575-bded-c5b7a0acd374',1547933075,'161d7495-7604-4053-9c5a-ccab78dc6967'),('d42183af-8486-4970-8c70-6005f1c577df',1560318323,'192f2377-4139-11e8-a197-000423af391c'),('d4ef077e-d452-48ad-92b6-2a45da862fec',1550899468,'192f2377-4139-11e8-a197-000423af391c'),('d5654623-13c6-4eb0-88ca-07a6fac37c2a',1541747016,'49a3e93a-2e28-40de-ba5e-8f8816cdc5f4'),('d5a9fcf7-1e0e-4427-8c67-40d7a738c78c',1536611161,'913cb01d-cfc9-400e-9387-cace06776bcd'),('d60462a5-97b4-494a-9fd5-0914dbe1146e',1525554852,'192f2377-4139-11e8-a197-000423af391c'),('d60a1042-7acf-472a-bdff-b91b0826f21e',1550717568,'05ebe969-1658-4227-80a3-975f7d426f4e'),('d6827f32-6c44-4587-9f72-2296bbb88e38',1547252899,'b4419687-7164-45fc-ad2a-f21eaf8ea1a4'),('d6b374f5-0ec3-4fc9-86c9-c3ca0a94bc2b',1538255565,'b63ee503-7cb8-471d-bd17-7b5dee9eb994'),('d6fcc571-f321-45b4-81ce-929eec14cce4',1533752618,'3d07973c-7d35-4e2c-8108-0d41a4a5b54f'),('d89e5e39-270d-4c05-b178-1ea1d104e42f',1543453464,'192f2377-4139-11e8-a197-000423af391c'),('da4ce665-f6a0-49b3-81dc-3961c20dd4b1',1548652460,'e2a0107c-5052-443c-bb2b-cfc607a2db01'),('dae48a68-44f4-4742-8973-231b321075e6',1548560477,'e01fa687-c63e-43f3-9344-356f40f2782b'),('db570da1-161a-4581-8a3b-bddc81a89450',1551382483,'4941aa39-31b7-4ec4-a433-b3e0035bd25f'),('dbf5cdf7-8c24-4e6c-85a8-9d16276dc1e6',1541746968,'192f2377-4139-11e8-a197-000423af391c'),('dc3bb530-a4d0-4a22-80a8-1206d0324a77',1550791163,'b63ee503-7cb8-471d-bd17-7b5dee9eb994'),('dd22f0a0-63aa-4414-85fc-0f36cd30c2a6',1549048063,'6535412c-078d-4664-b68d-e0aa11ed9dcf'),('dd458bf6-bb30-4b6f-814d-9a3b8f2a4576',1548217060,'9c5f775d-cec7-4791-b0c6-777a44bb060e'),('dde13077-4962-43ce-ba91-aac27062f637',1544822497,'497fbb48-5f1a-4bd5-9fc6-d8a4f2b64523'),('de7f8d11-09d0-4ee0-850e-11a92da6500d',1547257137,'9f063b4d-d53e-4db1-bfb7-cdff4e89bfde'),('decde442-e107-46bb-ad04-bd9a6926c564',1557634743,'b0364f10-e7e2-4c37-96d5-87c21524703d'),('e0000f1a-8bfb-4a90-9d97-28ac8ea2986e',1548654565,'913cb01d-cfc9-400e-9387-cace06776bcd'),('e066f9ee-1b05-428b-a317-5e374b028ec2',1547435769,'9be2967e-e23a-45c0-9ef7-4a124a206328'),('e09fff2a-fda2-4387-aa8f-ea2ae8a3ac71',1554596220,'fcd1de4f-8022-41a3-8479-1d5ed3d32539'),('e1bf3eee-cc6c-42ed-ac36-c0ab8bcd737b',1552421890,'c9ececdc-bf2b-44c3-b303-6cbc5c58b8fe'),('e24183ce-49b3-4846-b0ca-be45f03367e4',1553898915,'abc4d79f-22c3-40e7-a1ba-4ea847ea0538'),('e2462060-f6ac-42d9-980d-1a353744048c',1538168533,'b63ee503-7cb8-471d-bd17-7b5dee9eb994'),('e2592511-69db-4edc-bdca-85d887c14b24',1548048205,'c157fed0-636b-4f80-b705-87ee6fd8f460'),('e28801d8-7ca5-485a-9b6d-ba146d6e7324',1549940376,'161d7495-7604-4053-9c5a-ccab78dc6967'),('e29bd591-b929-4ada-860d-793eba04e5bb',1540232617,'4941aa39-31b7-4ec4-a433-b3e0035bd25f'),('e31e0ada-90a9-4fb4-961f-76d6ea22f80c',1543785916,'3d07973c-7d35-4e2c-8108-0d41a4a5b54f'),('e32af1ab-2f18-496b-b436-a0ba6b0be4f3',1549073391,'9f063b4d-d53e-4db1-bfb7-cdff4e89bfde'),('e364d658-79b5-4d47-ba0c-fe56d1baf625',1536429758,'192f2377-4139-11e8-a197-000423af391c'),('e3a90245-bd85-4389-b983-2f4e8933ffd3',1543962663,'4941aa39-31b7-4ec4-a433-b3e0035bd25f'),('e3b31609-5e48-4e04-8293-a81414eef49e',1544042022,'192f2377-4139-11e8-a197-000423af391c'),('e3efe58e-a09f-4085-9fc4-eb814e9bd1d1',1540878189,'f9b36d06-2d73-4341-816a-67f326b00f03'),('e40bc4b2-d8bc-44d1-923e-0f5083d084e4',1525027648,'bf5e347b-0215-48d5-9c3d-a762872a433f'),('e5061079-c3a7-455d-95ee-6c012f52d235',1538789821,'9be2967e-e23a-45c0-9ef7-4a124a206328'),('e5328de0-9e1b-46c0-9b5e-1deab596f523',1524289702,'3d07973c-7d35-4e2c-8108-0d41a4a5b54f'),('e5713fae-fa94-41ce-a8ac-ddfaee6eaa57',1553828288,'344d1082-ce9a-4075-a250-ce5890653ef7'),('e58456ce-1965-4e08-8ecd-64eb80d7e1b2',1555984108,'8f4a24f0-c5c5-489f-bffc-cfedea14b4ce'),('e58dc54b-c544-4a7d-827c-bf9a291724c2',1537744899,'8f4a24f0-c5c5-489f-bffc-cfedea14b4ce'),('e5fade58-4b1e-492e-a350-d53a1f3a4ecd',1549003163,'66597792-bd89-44d7-9f7d-35f22ef7b8b9'),('e676c005-f5bb-4898-bf5f-ea04cd1a50d1',1550901234,'9d406cb8-bd72-4c6a-95f3-8c33f9f7ec73'),('e686a4c2-c19f-4973-ac1c-ed797c5c52de',1542416435,'3d07973c-7d35-4e2c-8108-0d41a4a5b54f'),('e727838d-e7c0-47b3-a219-0a21fc75d0bd',1533610607,'192f2377-4139-11e8-a197-000423af391c'),('e7cbf955-417b-42e8-aad0-47615d22e7ad',1548098701,'d1f5a880-74bf-45a6-b162-bf861491d2ff'),('e8119df1-9c98-4602-8d2f-c97c0d242cde',1531968381,'192f2377-4139-11e8-a197-000423af391c'),('e8218345-0e90-4f28-a600-addf131c3909',1546748308,'9f063b4d-d53e-4db1-bfb7-cdff4e89bfde'),('e854817e-ff03-4149-ba40-ab41cdac7645',1538600463,'abc4d79f-22c3-40e7-a1ba-4ea847ea0538'),('e983cdb5-36b6-4994-8fdb-fe38d6b14ccc',1534980872,'e2a0107c-5052-443c-bb2b-cfc607a2db01'),('eaf60668-a08c-491d-8e92-15ef3b4b6207',1544832797,'492de741-0896-43dd-979d-d2bbb3e7215b'),('eb2df590-5c12-4dcb-9335-0abdb4da4f97',1544509325,'913cb01d-cfc9-400e-9387-cace06776bcd'),('eb7380a5-3e3a-4aa1-beeb-bd71dafa758a',1551726919,'344d1082-ce9a-4075-a250-ce5890653ef7'),('ec452dc1-7f60-414b-a339-73a0b5649462',1538764954,'9be2967e-e23a-45c0-9ef7-4a124a206328'),('ec69e3b0-0fad-4ee5-b69c-ac2efe5bbd53',1556914683,'4941aa39-31b7-4ec4-a433-b3e0035bd25f'),('ed0a1c58-0e62-4aa9-8fe1-1fe15306d8ea',1551212637,'192f2377-4139-11e8-a197-000423af391c'),('ed49d209-eee8-44e9-86e6-7c251129b7d0',1540520637,'492de741-0896-43dd-979d-d2bbb3e7215b'),('ed620727-f05d-425e-ac6d-247c9713c3d4',1559177237,'8eab570d-3084-4450-9c2d-9db2fa0f045f'),('ef14048c-c3e0-4af4-ac97-090ecfb9c65a',1539292726,'9be2967e-e23a-45c0-9ef7-4a124a206328'),('ef6d5d80-e9a3-4e48-862c-9afde7a4b0c0',1548290277,'192f2377-4139-11e8-a197-000423af391c'),('ef80f348-ae39-4cc5-9644-8aae49acaa30',1557961576,'4941aa39-31b7-4ec4-a433-b3e0035bd25f'),('ef9916eb-a218-4131-8ab0-eb4e4affbdfa',1547926480,'9be2967e-e23a-45c0-9ef7-4a124a206328'),('efe2a9b2-95ea-4e2d-89d8-df18428bbdcf',1541028202,'192f2377-4139-11e8-a197-000423af391c'),('f033279a-ca0f-4481-a808-0d8c64212679',1546406301,'26480e2f-e14b-4d70-8af3-17659f9cb80d'),('f0d5c767-bda8-4c71-b57b-ba9ce6831610',1548093512,'192f2377-4139-11e8-a197-000423af391c'),('f105ad3b-e0fa-4b8e-99e4-86126695c4e9',1533145337,'42062fc9-42d4-4202-bb16-3b956f2b025f'),('f11db3dc-9c64-4eff-9f91-d385eacebc4b',1551919187,'268ecf2e-2108-470d-adae-e257da68f720'),('f14fae44-8b78-41ee-afca-9b01b4beface',1543307439,'764945d1-8e87-4ba9-b072-35ca8e74e8f3'),('f15b4f8d-bf16-4705-9c81-045a7aa355ac',1557336292,'4941aa39-31b7-4ec4-a433-b3e0035bd25f'),('f1faa575-e208-43e4-a9fc-1c4d07e27202',1542139490,'8f4a24f0-c5c5-489f-bffc-cfedea14b4ce'),('f203c750-cc40-47b4-b583-a41f32ccd43f',1548023932,'8eab570d-3084-4450-9c2d-9db2fa0f045f'),('f22728cf-687d-4ab1-a23a-2e80705743df',1536238026,'4941aa39-31b7-4ec4-a433-b3e0035bd25f'),('f319acc2-de24-472d-9428-fe822a784542',1543709277,'5fa21001-941d-4f58-adde-55f31720602d'),('f39914a2-9fb3-467a-96ee-bde6c08bf62a',1524875864,'39313184-0979-4595-bea2-7b3e8b745f65'),('f4913d4c-dc27-490f-9987-795e1aa7b156',1527446075,'4941aa39-31b7-4ec4-a433-b3e0035bd25f'),('f5035499-39e5-44bd-8a40-bb04a935bbfb',1530840239,'e2a0107c-5052-443c-bb2b-cfc607a2db01'),('f59c36f9-9ab6-4dc4-9d9c-c7d8937efd10',1548892576,'b4419687-7164-45fc-ad2a-f21eaf8ea1a4'),('f6b95b03-4d0a-463e-adf1-dbf22eccf914',1523893499,'8eab570d-3084-4450-9c2d-9db2fa0f045f'),('f6e31759-c285-4490-a4a9-8ad51f236259',1548135384,'3baf0cbb-64a9-4981-a6d4-91f92ad4a9fe'),('f71b5634-ef01-4b5f-9dc0-200728d89ae2',1545980533,'ae09b9b3-abee-4963-856c-9c530ec6e6d3'),('f73ac23f-9894-4bce-b25e-b7c3d3b12922',1547840699,'abc4d79f-22c3-40e7-a1ba-4ea847ea0538'),('f778cac7-75f4-4b78-90c7-de60574f8b52',1548085412,'161d7495-7604-4053-9c5a-ccab78dc6967'),('f792cad1-c6fa-4692-8a99-654e8f3e56c1',1548134598,'acee8a8e-6a10-4ecf-b584-a849684ad864'),('f7bc22da-09ec-4eed-9eb1-bfba8e59c41a',1547168297,'e2a0107c-5052-443c-bb2b-cfc607a2db01'),('f7e7f5c4-8b75-4dc4-9cfd-7692e02615bc',1543707201,'492de741-0896-43dd-979d-d2bbb3e7215b'),('f857d548-d4ed-4c58-83d5-5d3581931d7f',1542419206,'ae09b9b3-abee-4963-856c-9c530ec6e6d3'),('f86d4543-08d1-48c7-aab8-e1d1dda17ccf',1551485152,'4941aa39-31b7-4ec4-a433-b3e0035bd25f'),('f890f1ae-5fe9-42c3-90a7-03ac71fa2b0f',1540926152,'192f2377-4139-11e8-a197-000423af391c'),('f995ac58-a791-41b5-9225-24a06a9b1185',1538698137,'9be2967e-e23a-45c0-9ef7-4a124a206328'),('fa29e187-c376-40eb-9463-df1ee704eee6',1529178305,'9be2967e-e23a-45c0-9ef7-4a124a206328'),('fa6d0e2d-8db8-4651-a3da-46de673df1a4',1549779819,'39337473-52cd-47c9-8f98-64bfc001c18f'),('fc919abe-8682-4be8-a15a-18b741e42c1b',1523900958,'c3dddc92-998d-41a8-bd41-9cf978db80a1'),('fd16b3d3-9d7c-4c60-9d00-3c42ec17f27b',1523931132,'492de741-0896-43dd-979d-d2bbb3e7215b'),('fda2576f-f338-486b-afc8-47c1e99d5f7e',1541521436,'af03530c-7495-4d36-a45b-b357e28604a0'),('fec5a71a-dee4-4181-8a9d-1298ef562188',1523911399,'3d07973c-7d35-4e2c-8108-0d41a4a5b54f'),('ff22e99e-85b5-4ced-8b39-4a5b309110a1',1526438893,'e2a0107c-5052-443c-bb2b-cfc607a2db01'),('ffff3f5f-68eb-4c05-886d-486e9324c882',1530345913,'26480e2f-e14b-4d70-8af3-17659f9cb80d');
/*!40000 ALTER TABLE `session` ENABLE KEYS */;
UNLOCK TABLES;

--
-- Table structure for table `sources`
--

DROP TABLE IF EXISTS `sources`;
/*!40101 SET @saved_cs_client     = @@character_set_client */;
/*!40101 SET character_set_client = utf8 */;
CREATE TABLE `sources` (
  `id` int(11) NOT NULL AUTO_INCREMENT,
  `video_id` int(11) NOT NULL,
  `file` varchar(100) COLLATE utf8mb4_unicode_ci NOT NULL,
  `mime` varchar(100) COLLATE utf8mb4_unicode_ci DEFAULT NULL,
  `resolution` enum('240p','360p','480p','720p','1080p') COLLATE utf8mb4_unicode_ci DEFAULT NULL,
  PRIMARY KEY (`id`),
  UNIQUE KEY `file` (`file`),
  KEY `video_id` (`video_id`),
  CONSTRAINT `sources_ibfk_1` FOREIGN KEY (`video_id`) REFERENCES `videos` (`id`)
) ENGINE=InnoDB AUTO_INCREMENT=148 DEFAULT CHARSET=utf8mb4 COLLATE=utf8mb4_unicode_ci;
/*!40101 SET character_set_client = @saved_cs_client */;

--
-- Dumping data for table `sources`
--

LOCK TABLES `sources` WRITE;
/*!40000 ALTER TABLE `sources` DISABLE KEYS */;
INSERT INTO `sources` VALUES (1,1,'RPpzzmyw45c.webm','video/webm','240p'),(2,2,'ljkdi0fvFuo.webm','video/webm','240p'),(3,3,'1U10cOPGQNA.webm','video/webm','240p'),(4,4,'K4R2E31COhk.webm','video/webm','240p'),(5,5,'IxipPYdKixI.webm','video/webm','240p'),(6,6,'FOYy5Cc1-xg.webm','video/webm','240p'),(7,7,'hRqlvYdkM9o.webm','video/webm','240p'),(8,8,'iUQRrTji6kU.webm','video/webm','240p'),(9,9,'CEk9bDVYEE0.webm','video/webm','240p'),(10,10,'Gl40jdYPXGw.webm','video/webm','240p'),(11,11,'rxO0V2REFRw.webm','video/webm','240p'),(12,12,'fzi-YTHw0lA.webm','video/webm','240p'),(13,13,'KGQfCxp7mk4.webm','video/webm','240p'),(14,14,'wJ_avugYrBI.webm','video/webm','240p'),(15,15,'h_MOj43rYhs.webm','video/webm','240p'),(16,16,'dLzdo7_tkS8.webm','video/webm','240p'),(17,17,'a8KUjvNdfX0.webm','video/webm','240p'),(18,18,'kEmVSFmDZds.webm','video/webm','240p'),(19,19,'imaaNtk2ito.webm','video/webm','240p'),(20,20,'h3Td-sCLmPA.webm','video/webm','240p'),(21,21,'s8DE8lVq1no.webm','video/webm','240p'),(22,22,'Itv5n7G_szo.webm','video/webm','240p'),(23,23,'p_0XPhqFDPY.webm','video/webm','240p'),(24,24,'3mXrzqcFoR0.mp4','video/mp4','240p'),(25,25,'_LdXD1i7qt8.webm','video/webm','240p'),(26,26,'0on_TeHOHXY.webm','video/webm','360p'),(27,27,'UR1KAPe_Ywk.webm','video/webm','360p'),(28,28,'gOkxiVYt3us.webm','video/webm','360p'),(29,29,'0Edqtw4aqHQ.webm','video/webm','360p'),(30,30,'Nw_UCNnBQEE.webm','video/webm','360p'),(31,31,'rbTKKzJnk3I.webm','video/webm','360p'),(32,32,'WMJ7Mzn1hoU.webm','video/webm','360p'),(33,33,'Pdj6DCwQnRU.webm','video/webm','360p'),(34,34,'jrwniGtr_IE.webm','video/webm','360p'),(35,35,'ZyYG1WCO3P0.webm','video/webm','360p'),(36,36,'OUuicbigCNg.webm','video/webm','240p'),(37,37,'td7UfKVrFq4.webm','video/webm','240p'),(38,38,'B11yvnhz8RQ.webm','video/webm','240p'),(39,39,'lC_kQE5-E_w.webm','video/webm','240p'),(40,40,'CQYnXpLUun8.mp4','video/mp4','720p'),(41,41,'EDPJcflSEx0.mp4','video/mp4','360p'),(42,42,'YjF2Uih4Xc8.webm','video/webm','360p'),(43,43,'Nln_GjqVQUU.mp4','video/mp4','360p'),(44,44,'bASE_GJJsgg.mp4','video/mp4','360p'),(45,45,'ki32OcbaHgU.mp4','video/mp4','360p'),(46,46,'ho1oeB0IbPw.mp4','video/mp4','360p'),(47,47,'3QSRpo3qdLE.mp4','video/mp4','360p'),(48,48,'zkaCfesHFkE.webm','video/webm','360p'),(49,49,'MbuoVgC_Gv4.mp4','video/mp4','360p'),(50,50,'AfsHBHT0Mno.mp4','video/mp4','720p'),(51,51,'IKfQgJ8CAvI.mp4','video/mp4','720p'),(52,52,'OxTxx9HpZeg.mp4','video/mp4','720p'),(53,53,'I17EdiA8kVs.mp4','video/mp4','720p'),(54,54,'amPyT5W6y9M.webm','video/webm','360p'),(55,55,'yfEue8SKwkk.mp4','video/mp4','720p'),(56,56,'jB9H2Vo1c6k.mp4','video/mp4','720p'),(57,57,'Kqggx8jC30g.mp4','video/mp4','720p'),(58,58,'sl9fvhXwFqk.mp4','video/mp4','720p'),(59,59,'BY0ZETx3Kbg.mp4','video/mp4','360p'),(60,60,'00VdTaj6Wes.mp4','video/mp4','720p'),(61,61,'b2JKT1g2enc.mp4','video/mp4','360p'),(62,62,'FurX5HFrUmc.mp4','video/mp4','720p'),(63,63,'BeDEdIO3wtY.mp4','video/mp4','720p'),(64,64,'SzJsMG1PUEE.mp4','video/mp4','360p'),(65,65,'sUuysEWQ8AM.mp4','video/mp4','720p'),(66,66,'dsMpjUKQ8FA.mp4','video/mp4','360p'),(67,67,'fVgcmwHw3Xs.mp4','video/mp4','720p'),(68,68,'QVDbaEq-VeI.mp4','video/mp4','720p'),(69,69,'o8Huxi80_LI.mp4','video/mp4','720p'),(70,70,'aTlyb1plQXc.mp4','video/mp4','360p'),(71,71,'armv5xZj6C8.mp4','video/mp4','720p'),(72,72,'TSlVrMTDs_I.mp4','video/mp4','720p'),(73,73,'BqdtfGVVI5k.mp4','video/mp4','720p'),(74,74,'9mU_Evzfcl8.webm','video/webm','240p'),(75,75,'WtJSwRUR-JM.mp4','video/mp4','360p'),(76,76,'pGjcb-BrxRE.mp4','video/mp4','360p'),(77,77,'Gkd6k3DxxK4.mp4','video/mp4','1080p'),(78,78,'1wLNjeHZ6lM.mp4','video/mp4','720p'),(79,79,'SPEC---2018.mp4','video/mp4','1080p'),(80,80,'4wsr1b2k5oltDCk-R.mp4','video/mp4','1080p'),(81,81,'CEUS---2018.mp4','video/mp4','720p'),(82,82,'CESS---2018.mp4','video/mp4','1080p'),(83,83,'7492499559436779520_n.mp4','video/mp4','720p'),(84,84,'qQ66n6dII0U.mp4','video/mp4','720p'),(85,85,'2104614509971767296_n.mp4','video/mp4','720p'),(128,77,'zooter_smaller.mp4','video/mp4','360p'),(129,79,'SPEC---LOW_2018.mp4','video/mp4','360p'),(131,128,'15009559_1131544410255240_155724677950472192_n.mp4','video/mp4','720p'),(132,129,'1544639_10152381476777644_1505093790_n.mp4','video/mp4','720p'),(133,130,'12137734_10153166467452644_1224246154_n.mp4','video/mp4','720p'),(134,131,'ceqOkP7S_g0.mp4','video/mp4','1080p'),(135,131,'ceqOkP7S_g0_smol.mp4','video/mp4','360p'),(136,132,'8Eb3Q5nNaEl.mp4','video/mp4','720p'),(137,133,'16xXpJ3G1vVJShS9qalZ0pRL3Y1CIJeoZ.mp4','video/mp4','720p'),(138,134,'JCopvKWHS5lyEpuoeotOPfLpEWz3H43.mp4','video/mp4','1080p'),(139,135,'2DSy2ksHZ6EZ2n5Z8rxPV11orh.mp4','video/mp4','720p'),(140,136,'1NNg74DEydlkF1cvzDdGI8hgZ1VgPQfiv.mp4','video/mp4','1080p'),(141,137,'aEIgz-weOPU.mp4','video/mp4','720p'),(142,138,'Schulich Ohms.mp4','video/mp4','1080p'),(143,139,'MechGyver.mp4','video/mp4','1080p'),(144,140,'special_99.mp4','video/mp4','1080p'),(145,141,'process_to_suckcess.mp4','video/mp4','720p'),(146,138,'Schulich Ohms_smol.mp4','video/mp4','480p'),(147,139,'MechGyverTheDefinitiveEdition_smol.mp4','video/mp4','480p');
/*!40000 ALTER TABLE `sources` ENABLE KEYS */;
UNLOCK TABLES;

--
-- Table structure for table `users`
--

DROP TABLE IF EXISTS `users`;
/*!40101 SET @saved_cs_client     = @@character_set_client */;
/*!40101 SET character_set_client = utf8 */;
CREATE TABLE `users` (
  `id` char(36) CHARACTER SET latin1 NOT NULL,
  `username` varchar(100) COLLATE utf8mb4_unicode_ci NOT NULL,
  `email` varchar(100) COLLATE utf8mb4_unicode_ci NOT NULL,
  `password` char(60) COLLATE utf8mb4_unicode_ci NOT NULL,
  `approved` tinyint(1) NOT NULL DEFAULT '0',
  PRIMARY KEY (`id`),
  UNIQUE KEY `username` (`username`),
  UNIQUE KEY `email` (`email`)
) ENGINE=InnoDB DEFAULT CHARSET=utf8mb4 COLLATE=utf8mb4_unicode_ci;
/*!40101 SET character_set_client = @saved_cs_client */;

--
-- Dumping data for table `users`
--

LOCK TABLES `users` WRITE;
/*!40000 ALTER TABLE `users` DISABLE KEYS */;
INSERT INTO `users` VALUES ('0234555d-a10b-4862-9322-073ad9e961e2','AidanJ','aidanjoh123@gmail.com','$2b$10$u9gPz8LIHCE2DPsnvB34budhxaT0rpVYnMG3t/NknpvqQwMaFlzEW',1),('05ebe969-1658-4227-80a3-975f7d426f4e','ewanmay','ewan.may@ucalgary.ca','$2b$10$aZ17LICJem3Cg5UBHYkhzuWfSVtn2VoMifZXYAY8R89lpfFz.b/jS',1),('09dcf258-f6fc-4848-8a38-12611b320ba5','Baher','baher.mishriki@ucalgary.ca','$2b$10$z9sYLuqFfrRpaqC4IkS3PeMOMEtrCpwa1hT8zR1UY5SWKoABgHqpm',1),('11521c40-9fde-4e77-b649-378038dfa6d4','haiks','haiquaj@hotmail.com','$2b$10$oYAMokQZkW4C8Er4diMZZ.DI4JxAGael7H7Jri4fiaaHznnFrV3UK',1),('161d7495-7604-4053-9c5a-ccab78dc6967','evankrul','evan.krul1@ucalgary.ca','$2b$10$DI/brpWile2VTx4HNK2jMeLRzt6tc7EKXDIavgvhcOa5QB7a09/Xu',1),('192f2377-4139-11e8-a197-000423af391c','sawatzky','s@watz.ky','$2a$10$Hcmg7uEkmZbkovHPEDVVA.ibiXiveIrVo8YuKpnLT5x/31xgoIg6K',1),('19eba35a-5202-4cbe-a3d4-1a617eb3ef0e','hchoeber','heidihoeberechts@gmail.com','$2b$10$XDDDPGIF.EXM2bQTjdAXPOGpLUYH3sosjcAKXt2H./Pj4AJVUp816',1),('1a453908-eb42-4dbe-bbbf-977163539bf9','dangarangarang','tdanger.75@gmail.com','$2a$10$BktlTrpZjKnT8unC3XbCNuegXyJf68FFg3ctjCZFvlLUheGF9ng0a',1),('1f6f1ae8-c450-4ce2-ad68-2b042d369b86','Willy \'); DROP TABLE *;--','William.ehman@ucalgary.ca','$2a$10$a8HddkSDE4RIP7X/zLQ3gOt0MYkj8Hs5VOZj0v92TSQCkKVkniwMq',1),('20577c48-749e-42bf-9881-f23a7918c3e5','Dridgebaddy','ed.fablatin@ucalgary.ca','$2b$10$AOVdlux50bx45UzJGSTIouTtaIz8.YZV2bV1PmTjlzq83GA3MJRgO',1),('26480e2f-e14b-4d70-8af3-17659f9cb80d','dr_nater_bater_phd','nrbarke@gmail.com','$2a$10$LQuCRxb1p2peh2cdtxecne.g1s0yXDiVL0/9PhLbPrSsI0KUr6F2W',1),('268ecf2e-2108-470d-adae-e257da68f720','peter.boonstra','peter@boonstra.ca','$2b$10$0gol0oaTgVNjmhyDsAmh6eTP6ZkFPgWFO5L6vGfj5v3zuDXWxNwky',1),('292355f9-f82f-47f1-b4a2-e6ce6778f353','pharoh2','cathcartlogan@gmail.com','$2b$10$aTxzyuPtuU1.jKR2uJ30suxAZkQ.hlxIrOowCptm.ayOQQHkH4g/K',1),('2c7adc5c-3e2a-4ced-8a72-53fd88b7b8a0','matthew.halas','mathew.halas@ucalgary.ca','$2b$10$iZHiGKVR9WqmVpS11N.o4.CRjnBrrvaRVfXfOKMBqrow5RpaJm1J2',1),('30e929bb-0bb4-4c44-9767-dab6cd9e7c53','rdukart','rebecca.dukart.rd@gmail.com','$2b$10$a77vqAl3nM03zllDRncBweARlLZ9vWwe7c9fXnScRrvzC0P50lOwm',1),('344d1082-ce9a-4075-a250-ce5890653ef7','splitweave','aiden.huffman@ucalgary.ca','$2b$10$S/iupHhH/wfhV4j6WYDW2eHvvUmhCcmQulC8c6UtYGi5szybOXBPm',1),('3535ccdd-a506-46d8-9d2c-783cef557ca8','kczhan','yinan.zhan@ucalgary.ca','$2b$10$xKHpP4MK6lUh5t3PwMTZneevInb1YGkB0h5Bdb9Y5IFvTz2GOTaki',1),('38c62e05-54fe-4305-b9aa-05d6ef9cff1b','deedanvy','danvy.v.tran@gmail.com','$2b$10$iJxSloYyzJggpQdnqY63t.6TRS8aNrXwd4qJjW3uQrrxZm85cTgxu',1),('39313184-0979-4595-bea2-7b3e8b745f65','420xXx69bLAZEiTxX420','kushluke@gmail.com','$2a$10$7v7cLaBqUBtNKV/cx87ELOcA01bUc1DbsqMKhaC2JSbItTeB6TzB2',1),('39337473-52cd-47c9-8f98-64bfc001c18f','Ashley Brown','ashley.brown68@gmail.com','$2b$10$lHCd9bjVRPZLQmidfaQYCeo5rTW3tzN3DrpNTMKun6Y3EdNxHZH9K',1),('3b385db1-8cdf-460d-93ef-982e1d5561a4','Jaimie','jnsokalski@gmail.com','$2b$10$hkdbMch7a6dNG6BbIx08Ae7pV8OW5XMEaUyVzAGN1Z6hA.mFqF8SO',1),('3baf0cbb-64a9-4981-a6d4-91f92ad4a9fe','waafag','wafa.anam@ucalgary.ca','$2b$10$zOUcMREUD65bJ1Kqoyf6fOJaa8NBsP8aBdA7ZXDs3FldRt/oXt3Ru',1),('3d07973c-7d35-4e2c-8108-0d41a4a5b54f','Condor','cjnewman@shaw.ca','$2a$10$BTFZ9TbKWaAXbvaGEzekSunnOa7kJdLgCA0bPe.Csevrb1U.l./2a',1),('41706156-f816-448b-b989-1fe235d6678f','thepeterharrison','thepeterharrison@gmail.com','$2b$10$Zou94vvFAdq/TSEaS2.WXe7jF3O9RDZJWQ2OHo4ZrI827AByoBdyG',1),('42062fc9-42d4-4202-bb16-3b956f2b025f','robomeow','fung.s.eric@gmail.com','$2a$10$cAyHbwoUNAuQMq/o8XDKr.i6krTqVUwfGUbeDWUgjn1g5k1KPU8kS',1),('492de741-0896-43dd-979d-d2bbb3e7215b','JBrintnell','jdbrintnell@outlook.com','$2a$10$SxvhHWFqoB8SsdCJbcc9t.GZUDAxNuEto8ViJPmhXyxd.CNBnKUGC',1),('4941aa39-31b7-4ec4-a433-b3e0035bd25f','PixelPoncho','ines.rosito@ucalgary.ca','$2b$10$n0k2zgG0l3eMr0Zl8yqvq.PsF.arteCbo2zosw37u/u4Owv9/rEY2',1),('497fbb48-5f1a-4bd5-9fc6-d8a4f2b64523','admin','rebecca.reid1@ucalgary.ca','$2b$10$PD1KzT94yy8cxVPb2hCLeOd4P210B.lRg7ToAvJEh2tJG2yS6nHPy',1),('49a3e93a-2e28-40de-ba5e-8f8816cdc5f4','craigolo','craig.locking@gmail.com','$2b$10$4BGszCRiCNgoueupIpypk.WRQM6Ans3Hs.H6VH8CTJsTtCe992h9K',1),('4f6e3df8-c48f-4849-a676-feee8eef884f','TopazJ','shamez.meghji1@ucalgary.ca','$2b$10$3keCorSi7tvFbKen8B6nx.VJh59nCwQml3mG5n25HUtrFfWkifhjS',1),('5130ba33-25b8-4e97-9493-5f7ed52bdc46','TestUser1','tlijnse@gmail.com','$2b$10$nhlfGWSBqTNwyFlEHSIhDOnM1wfjvggeKs3ZdNqatFA6h33mhEuHq',1),('5fa21001-941d-4f58-adde-55f31720602d','Darbrius','davisabr@gmail.com','$2a$10$6VaCPE8Dj6NUF0Fm11DAiO3woBYWj0dtALn83R4VvtZQMFG/8smN.',1),('621d5dfb-f01a-484e-8455-eda7ee657994','Mikko','mikkor11@gmail.com','$2b$10$lJPCWIOFANQOUqTT//lSfOqY/jkGLmibq6KR7LbHYfUFs1RohV0.K',1),('6535412c-078d-4664-b68d-e0aa11ed9dcf','sophieloaph','soph.m.warren@gmail.com','$2b$10$iuBe/u4SwIT2Ap/x3N.USuabLwYeYhHQaFSKpdVHaAoX4Cv8IMrCi',1),('66597792-bd89-44d7-9f7d-35f22ef7b8b9','mcbondy','murraybondy@gmail.com','$2b$10$kdQbIw7HmVB4ZWGSb1nokueXQwB60nwPZAAal/d5OsyrL0KT.sjnO',1),('6861007b-357b-423f-92f5-0842a5204cd2','mitchellbrown98','mitchellbrown998@gmail.com','$2a$10$T387Iq8yZ8Q4H9soWciLTOW/uD13DfyGF25gtEJxabRTndOhLurhK',1),('6a32ce27-db44-4824-b9cb-286911162050','MNewell','mitchell.newell@ucalgary.ca','$2a$10$J57l6zG4y/i2G/7SQisQD.5tz.RTNQHnUhuSd99fre/8Gn/jvggxe',1),('6c22c62b-7214-4a60-b48f-8d419d46b292','C97q79','500055363@stu.upes.ac.in','$2b$10$kkyO0aFh71NTq61mV1wLxOnA4r1DAM4Tu.MdVMLMaXaJVbBmPQXue',1),('6eb8539e-62aa-47fa-9559-7871cd37f3c1','tys1','tyson.karmin@ucalgary.ca','$2b$10$1usQdh9iGSW7g5Lgewf5POl7r5S3D2TwoSUTMEKFJV3CKJw.ci5.K',1),('7016d7b4-11de-4662-8c56-b7022aa654d5','TerryHun','terryhung8@gmail.com','$2b$10$l7rRJ2S1pFMr6tpZQ9pwtOZR162UWR.bYB8XqgcqT7UEtXlxw/e8O',1),('7317bd4b-14f3-4a3d-9922-2d70282a4f24','JediJams','paulkimcanada@gmail.com','$2b$10$mp56F00Zj6Pf.5IumoRQT.aZcmavLGYthbNCZ6aKYCcIPWB1BfS6W',1),('764945d1-8e87-4ba9-b072-35ca8e74e8f3','robotoshi','robotoshi@gmail.com','$2b$10$i4E3s4h6je/aZWExLYI5P.BLfeH85xjlV2fXr0qFMQ.bievRKGVGW',1),('76c8287f-8332-48a5-8bf5-52e1bb2ab4e2','quinlan.hinds','qbhinds@gmail.com','$2b$10$IyBLXY6jCVYifHvasn80EOOo5Gqa7WrDTiAm2YexxRer.jUkcpRma',1),('7875737d-4afa-4c6b-ab6e-a2781199bdf9','sojarmula','sonia.jarmula@gmail.com','$2b$10$qq32qDqaVWXjhYTEmf3WsewPmTO0acQdzt1M1dW15UUMszLb7XZSS',1),('81b91592-4a6b-4072-93ed-db42a2f78672','Daledo daddyhauser','dalewaldhauser@live.com','$2b$10$T7TOthw0A9CEXpf8RpFjROb6n4ntbH7f21gCTTVWS.QqgbI9Lh4zW',1),('856b6430-5877-4f44-9f0d-e7f7a631a692','NoodleMan','terry.hung@ucalgary.ca','$2b$10$82k.UqnUhUlRsMLbKcvXOenzBHGZu.9iH2nixzwgipmtdtInxKMg.',1),('8d2c83a2-96eb-465d-8bf8-037bb86c5ffb','Asstuck','npellicano@shaw.ca','$2b$10$DcwUvXkuFrnJ7hrVVyRs9.A6ReSt/9ttK2o6SCQy5wL/Otbi7y92e',1),('8eab570d-3084-4450-9c2d-9db2fa0f045f','superzapman','david.parkin2@ucalgary.ca','$2a$10$zskbbnxd.TBCyRadNbbhE.mjv4uCwFn9S5bwByfMHfVDyqAp0mTNO',1),('8f4a24f0-c5c5-489f-bffc-cfedea14b4ce','blangton','brandonlangdon@sasktel.net','$2b$10$4f7pZD/Aq33YnredCgewfuDi8vf83UK.o6M/Lak1OF2oy.LwSmbUi',1),('913cb01d-cfc9-400e-9387-cace06776bcd','AntoineB','antoineb374@gmail.com','$2b$10$Hh6X.SukFzdTjulSa/P0VuDQjmpqSPMqb10NSA.ysSNY0ulMBa.AK',1),('95569911-7d7b-4024-aace-da4c1dce541c','kristiancorpuz','kristiancorpuz804@gmail.com','$2b$10$05Vb1tpJ3hHuqXdrx8iZxOWpV.rArcOuKzMGC/eACg3h4Lp8FjHhG',1),('9be2967e-e23a-45c0-9ef7-4a124a206328','Mech','kvfitzsimons@gmail.com','$2a$10$kXRfrxU/mD6eJxb8VeIygOcRIDAtuslUy5W4jwoHXj4K3X4cpKTJW',1),('9c5f775d-cec7-4791-b0c6-777a44bb060e','rayven_moore ','getmoore.rayven@gmail.com','$2b$10$hqGjftxJGIxKFv.9Ao7T7.bIjN5meiDySHpYOIZI0QWIyZk3hkY0e',1),('9d406cb8-bd72-4c6a-95f3-8c33f9f7ec73','Mattclarkk','matthew.clark@ucalgary.ca','$2b$10$XF60vDLH8WnzeNXF1ltWEeQDh/ZKC//OD.Cq4G6dg37ceXaRZFF3W',1),('9f063b4d-d53e-4db1-bfb7-cdff4e89bfde','Twodrinkstan','achelack@outlook.com','$2b$10$aH.DylatvUyS9qDBlfncOO2YEfnmPck7Ed2t9P8loqJoYmQugSBMa',1),('a3395a27-30d3-4713-adf3-4bc333a62b63','24601','jesse.fowler1@ucalgary.ca','$2b$10$yLbeZtFfeluzGCqT6IlKzOHXP0uAapOFGUvXRbt8NRU3EXL/WYzQy',1),('a6335fc5-28d2-4f0a-80d1-d0886ac5e588','xxx_coolenggkid69420_xxx','bschroeder@davincibb.net','$2b$10$GDiMiNZA/bH2IdnTqHZivev9/B2miPbecpnYuCRa0i9oN.qmgsGea',1),('aaf0c679-4508-427b-8ab3-601b7cd202ac','wetsock','kinjosushi101@gmail.com','$2b$10$l206s2sJMikw4QLK03w8XeLOPqjD2HhLMXLp9zXMC7hLQ4DPak0AO',1),('abc4d79f-22c3-40e7-a1ba-4ea847ea0538','Eggs','bennett.b.ready@gmail.com','$2b$10$k0UlIwi6U.WZbBbsHqC.V.RYvjtcuskA6RiCl0o3GaN7lrAeWEu7m',1),('acee8a8e-6a10-4ecf-b584-a849684ad864','ruebenross','r.seno@outlook.com','$2b$10$bMuDcrLpqZpw19TZLiI94.6PzRLiwlYJWz3GtYRdCJGTp4eaKm4Z.',1),('ae09b9b3-abee-4963-856c-9c530ec6e6d3','thristant1','thristan26taberna@gmail.com','$2b$10$XujNDGnA2Ve646zptRjatOr8XHHF9x6s5u6uGPw02oHULJB7ohAoO',1),('af03530c-7495-4d36-a45b-b357e28604a0','jessica.may','jessicamay.corpuz@ucalgary.ca','$2b$10$5Ca/v9HAq0X6nGVzE.2EG.flovN0LctaVE9edTn/DWU37iHm5v2jO',1),('af9f45a7-8562-465d-99d0-905737365b35','brendon','brendon.besler@ucalgary.ca','$2b$10$Pj.BoeUB502rXxIn.1FZleVTnt.G4vsbikYVN/l28T8tibbr0NOTm',1),('b0364f10-e7e2-4c37-96d5-87c21524703d','xeddie','edward.kuhnlein@ucalgary.ca','$2b$10$78W6haUv5jW0PuEa5/6Bd.tiPreyCpJj6HeypSBl/4m.Tv.fkMc6y',1),('b4419687-7164-45fc-ad2a-f21eaf8ea1a4','amah','alexander.mah@ucalgary.ca','$2b$10$/OU/5Sl/DGSzRiK6h5fCdOAmdyso9lNs/7ZC8RjmWsC8XCGS2KfFq',1),('b63ee503-7cb8-471d-bd17-7b5dee9eb994','Katrin','katsmiff13@gmail.com','$2b$10$LesfI1pzV5CXTO..sZotmuqn3gh0crP1Dfm7xDkW6XxmYbBWUl3Xe',1),('b670fa0f-6e4b-421c-8a0a-96adcb4e78bf','j.malinovska','julia.malinovska1@ucalgary.ca','$2b$10$Jl2PcakVD2KO1cWOEDwuLusgfkPdXBEM4ETsfFH7UiZ6XrngkFyCi',1),('bf5e347b-0215-48d5-9c3d-a762872a433f','AnthonyorTony','anthony.demong@ucalgary.ca','$2a$10$Yc2leNOEDF/Wm0LVF0PNDefQf0TbPLqNpWZTA1v6uXNo0qppRiM.u',1),('c044fa42-4f8c-4f71-af8e-1e51d5a09948','mtbryder130','jessecvanneste@gmail.com','$2a$10$vuqwxRW5UrtfarJhLNmxmeUVHWxUJRUqXPByz7yCnn14mgW0qfu7C',1),('c157fed0-636b-4f80-b705-87ee6fd8f460','p.chiac','p.m.chiacchia@gmail.com','$2b$10$gq/2XgNQadp/BOI3lXhkx.KTjVO8WOYPbY8t8pKhSoQJNBeVMkgZi',1),('c275c289-0730-4a31-b06c-c7540abf4b3c','kieraful','kiera.fulton2@ucalgary.ca','$2b$10$i5sjjbxpAZXMNFkNlJlzI.sQcZTJ47zARcFJyLGYIKHS7L9ye/16S',1),('c3dddc92-998d-41a8-bd41-9cf978db80a1','Верховный_главнокомандующий','evan.waddell@ucalgary.ca','$2a$10$nXa3Q8l403fRVvh45/Qcv.FC04tLdUKeZTGKcOpKSB4Jop6wlPK8W',1),('c64e3f9c-0718-4b2e-9cec-a82af4dd9229','lemonade','cassidy.stadel@ucalgary.ca','$2b$10$G2xzAcYNQ9uAoQqX6U24peN2xuO6XDSEuH9S.Jz3/AiD5HG6Vha1e',1),('c7dc9c51-2bf3-4207-89f3-5e88d8cdf13e','marssucks','layla.e.arab@gmail.com','$2b$10$R/SYe01HzENYPPwXZYvOw.d9rIarMskGbbLLGjRgmnadoxl2O9L22',1),('c9ececdc-bf2b-44c3-b303-6cbc5c58b8fe','marcobernardo','bernarms@ucalgary.ca','$2b$10$opyZJCIRh2H/Ppdska2ecuWBb91Rwzq5PgU8hacDFzqPVQ5edGQC2',1),('cab7668b-4bd5-4be0-9bab-e0588b870460','Shaamir.haneef','shaamir.haneef@gmail.com','$2b$10$FTKQ32bIbxQ83fW8zipUoO8IOJaAlPi9w3ar8hAn.sXLGNBo08Apy',1),('cb815ec9-5c60-4633-9bac-df4a25488d08','rtan8','allmyfrnz5@gmail.com','$2b$10$ILrQ.R46pKVJ3lG9Mk7u9.ryq3ydKUZkPGwJZVOFaDAuUR5Amdaq.',0),('cc67a5d3-01df-43c5-ae4c-1a4b6bc5462c','Marissa','badenm42@gmail.com','$2b$10$Nk6IJSYfnF91r/inEEF2GOeeqQK9VAwX5TuW3mXuHo66LpT8kzpfm',1),('cdba53bc-7f2c-443f-9a21-ea94592b9850','Ashley','emilytheawsome68@gmail.com','$2b$10$Pc8ppBeE6c/9gs9eEQyNmOun2bkSmJX/EmIZ/RlAEedYGhPLSgv4O',1),('cee3aa81-edf9-4e67-82f2-28895b73bc07','mariaarias23','arias1.maria@gmail.com','$2b$10$syk0LJ/qgm1M99rniiAVk.XOYdVMYZiM/hs9niFDrDggiU5.GmvXu',1),('d1f5a880-74bf-45a6-b162-bf861491d2ff','amandachen','amanda.chen1@ucalgary.ca','$2b$10$pPnmrwPSOCwZ3L4jidC7teuEPN5LR/1VBCsaxY17GduaLfbiyEqRG',1),('d26d0b24-7d69-467d-86ed-bf1690e3a39b','katattack','katrina@shaw.ca','$2a$10$pYkzqrLXw/LvZmv3KN4DVOHVo1ozkKIiQbGKRH7UL6.t134Tv7Te2',1),('d28ca5c4-9e01-48fd-ade0-cdcd31ddc114','mo.kashif','muhammadosama.kashif@ucalgary.ca','$2b$10$Ue73nGGYCMBVLto1.Nv9l.or8YMZTnkVxOEwxVqyQ1AbRXd7Ckcju',1),('de7d1d87-fc14-469e-afa6-143b9bdecd31','FourthPlace','sdalquist@shaw.ca','$2b$10$stc1wNes8GBWY.TemLJ.9OSK6QJfq7xVyWIWn6Y8NpTvIVEspmUly',1),('e01fa687-c63e-43f3-9344-356f40f2782b','Thompson2.0','jeffrey.thompson1@ucalgary.ca','$2b$10$OEXxTVN9nnl6XASRsSPzTui5zm1x6cRbs5Ofn2yMybOtwcUTaenWa',1),('e2a0107c-5052-443c-bb2b-cfc607a2db01','daniel.floyd@ucalgary.ca','daniel.floyd@ucalgary.ca','$2a$10$.4RXJmgF6iLXTHSMoa1Ko.8lTzv5q11q/noBOHgV2BnkSbZAEwo4i',1),('e7b3514f-8a25-4922-b298-e1bfe87bad28','Leah.loeppky','Leahloeppky@gmail.com','$2b$10$UHHifu4Irm00Jn1hhj3XDemmcI7TcNHi7S70F05Bos9jDNPd5bCkK',1),('f753375a-b9c2-47eb-98e2-a8ae6a245e36','mars','marwa.safa1@ucalgary.ca','$2b$10$ZCf1spaJ4aLWtVCX9uOe3e0ikg0.MashCMh6F0.uzlAMkdqYpoD9y',1),('f9b36d06-2d73-4341-816a-67f326b00f03','Dantang','daniel.tang1@ucalgary.ca','$2b$10$.F078ZmH7sHeqgIKx7l.RewCEuHhLOoalXB.7P10eGwJ7AZik7tQm',1),('fcd1de4f-8022-41a3-8479-1d5ed3d32539','Mir','m.599@hotmail.com','$2a$10$Hjmcvx/Fyr2rBxlnbk2joO7mJp9y2LbGOZNuvgVGNgK1fjeOK9rSm',1);
/*!40000 ALTER TABLE `users` ENABLE KEYS */;
UNLOCK TABLES;

--
-- Table structure for table `videos`
--

DROP TABLE IF EXISTS `videos`;
/*!40101 SET @saved_cs_client     = @@character_set_client */;
/*!40101 SET character_set_client = utf8 */;
CREATE TABLE `videos` (
  `id` int(11) NOT NULL AUTO_INCREMENT,
  `movie_id` int(11) NOT NULL,
  `type` enum('trailer','commentary','primary','other') COLLATE utf8mb4_unicode_ci NOT NULL DEFAULT 'primary',
  `title` varchar(255) COLLATE utf8mb4_unicode_ci DEFAULT NULL,
  PRIMARY KEY (`id`),
  KEY `movie_id` (`movie_id`),
  CONSTRAINT `videos_ibfk_1` FOREIGN KEY (`movie_id`) REFERENCES `movies` (`id`)
) ENGINE=InnoDB AUTO_INCREMENT=142 DEFAULT CHARSET=utf8mb4 COLLATE=utf8mb4_unicode_ci;
/*!40101 SET character_set_client = @saved_cs_client */;

--
-- Dumping data for table `videos`
--

LOCK TABLES `videos` WRITE;
/*!40000 ALTER TABLE `videos` DISABLE KEYS */;
INSERT INTO `videos` VALUES (1,1,'primary','Fifteen Minutes'),(2,2,'primary','Mechsico'),(3,3,'primary','Zoo Music'),(4,4,'primary','Star Trek'),(5,5,'primary','Mech Files'),(6,6,'primary','X Files'),(7,7,'primary','In Search of the Zooids'),(8,8,'primary',NULL),(9,9,'primary','Zooro'),(10,10,'primary','Chem-Hur'),(11,11,'primary','Horror Movie'),(12,12,'primary','Zookes of Hazzard'),(13,13,'primary',NULL),(14,15,'primary','Geolympics'),(15,16,'primary','Mechsmen'),(16,17,'primary','00Zoo'),(17,18,'primary','Chemadian'),(18,19,'primary','The Civpranos'),(19,20,'primary','Austenite Powers'),(20,21,'primary','Kung ZOO'),(21,23,'primary','The Republic Strikes Back'),(22,24,'primary','MarGeo Bros'),(23,25,'primary','Made in Mechsico'),(24,26,'primary','ZooBar'),(25,27,'primary','Zooper Heroes'),(26,28,'primary','TScheM'),(27,29,'primary','Ceuslander'),(28,30,'primary','Mechopoly'),(29,31,'primary','Monty Pithon'),(30,32,'primary','Bio-Witch Project'),(31,33,'primary','Cessame Street'),(32,34,'primary','The Good, The Bad, & The Civil'),(33,35,'primary','Mechscalibur'),(34,36,'primary','Star Wars: Episode ZOO'),(35,37,'primary','Wayne\'s Geoid'),(36,38,'primary','Batmanu: The Mech Knight (Part 1 of 4)'),(37,38,'other','Batmanu: The Mech Knight (Part 2 of 4)'),(38,38,'other','Batmanu: The Mech Knight (Part 3 of 4)'),(39,38,'other','Batmanu: The Mech Knight (Part 4 of 4)'),(40,42,'primary','The Geodfather'),(41,43,'primary','Matrix Zooloaded'),(42,44,'primary','Geostice League'),(43,45,'primary','Spark Trek'),(44,46,'primary','Combustamove'),(45,47,'primary','Civil Night Live'),(46,48,'primary','Mechiana Jones'),(47,49,'primary','Left for Biomed'),(48,50,'primary','The Geoffice'),(49,51,'primary','CSI ZOO York'),(50,53,'commentary','Geo Presents the 90s (Audio Commentary)'),(51,53,'primary','Geo Presents the 90s'),(52,54,'primary','Pokemon: ZOO Version'),(53,55,'primary','GeoldenEye'),(54,56,'primary','Mechtendo'),(55,57,'primary','Scooby Zoo, Where Are You!'),(56,59,'primary','Mechsmas Miracle'),(57,60,'primary','Geotroopers'),(58,61,'primary','Goldchember'),(59,62,'primary','Game of Gears'),(60,63,'primary','Dora the Specialized Explorer'),(61,64,'primary','Back to the Zooture'),(62,66,'primary','The Zooperheroes'),(63,69,'primary','SpongeBob MechPants'),(64,70,'primary','Geoscars'),(65,72,'primary','Lord of the Iron Rings, the Fellowship of Zoo'),(66,74,'primary','Alice in Civil Land'),(67,75,'primary','Sch\'mech\''),(68,78,'primary','The Chemzard of Oz'),(69,79,'primary','Empire State of Zoo'),(70,80,'primary','Puss In Steel Toed Boots'),(71,81,'primary','Texas Chainsaw Messacre'),(72,82,'primary','Average Geos'),(73,83,'primary','Saving Private Special'),(74,87,'primary','Civsons'),(75,88,'primary','Plumbob Squarepants'),(76,89,'primary','300'),(77,91,'primary','Harry Zooter and the Half Baked Movie Title'),(78,92,'primary','Cultured Cooking With Cory Episode 2'),(79,94,'primary','Law & Order: Very Special Unit'),(80,95,'primary','The Hungover Games: MockingGeo'),(81,96,'primary','High School μcivil'),(82,97,'primary','Disney PrinCESS'),(83,93,'trailer','(TRAILER) The Mechlympian'),(84,91,'trailer','(TRAILER) Harry Zooter and the Half Baked Movie Title'),(85,94,'trailer','(TRAILER) Finding Special'),(128,79,'trailer','Official Trailer'),(129,66,'trailer','It\'s Coming'),(130,72,'trailer','Lord of the Iron Rings Trailer'),(131,98,'trailer','Trailer 1'),(132,99,'trailer','Official Trailer'),(133,101,'trailer','Trailer #1'),(134,102,'trailer','Official Trailer'),(135,100,'trailer','Official Trailer'),(136,103,'trailer','Official Trailer'),(137,102,'primary','Forrest Slump'),(138,98,'primary','Schulich \'Ohms'),(139,101,'primary','MechGyver'),(140,99,'primary','Special Nine Nine'),(141,100,'primary','ProCESS to SuckCESS');
/*!40000 ALTER TABLE `videos` ENABLE KEYS */;
UNLOCK TABLES;

--
-- Table structure for table `viewcount`
--

DROP TABLE IF EXISTS `viewcount`;
/*!40101 SET @saved_cs_client     = @@character_set_client */;
/*!40101 SET character_set_client = utf8 */;
CREATE TABLE `viewcount` (
  `video_id` int(11) NOT NULL,
  `session` char(36) COLLATE utf8mb4_unicode_ci NOT NULL,
  UNIQUE KEY `viewcount_ibuq_video_session` (`video_id`,`session`),
  CONSTRAINT `viewcount_ibfk_2` FOREIGN KEY (`video_id`) REFERENCES `videos` (`id`)
) ENGINE=InnoDB DEFAULT CHARSET=utf8mb4 COLLATE=utf8mb4_unicode_ci;
/*!40101 SET character_set_client = @saved_cs_client */;

--
-- Dumping data for table `viewcount`
--

LOCK TABLES `viewcount` WRITE;
/*!40000 ALTER TABLE `viewcount` DISABLE KEYS */;
INSERT INTO `viewcount` VALUES (1,'8640d191-4f82-408d-bd0a-4b4acc7e492a'),(2,'7ade3641-90ed-4785-9437-d2da1356b12e'),(2,'8640d191-4f82-408d-bd0a-4b4acc7e492a'),(2,'dae48a68-44f4-4742-8973-231b321075e6'),(3,'07acdc51-fd3d-4d4c-a198-d8dac0b3cf86'),(3,'099d1ae1-0d13-4d63-938d-b466f0ad601f'),(3,'1ae22ce7-ba93-408f-9ec2-4d167627292c'),(3,'40ff6bf0-9636-4b6c-8353-9e92d868060f'),(3,'8640d191-4f82-408d-bd0a-4b4acc7e492a'),(3,'99fc2abe-04e9-4454-a732-a0ec83fbbe78'),(3,'ab524b18-9d29-45ec-a7ec-ebedd249692a'),(4,'2a2f6e50-7630-47b6-8508-625f2a20ca90'),(4,'410950de-ff12-41ed-a0fa-5f897ef7fce6'),(7,'07acdc51-fd3d-4d4c-a198-d8dac0b3cf86'),(10,'4f30c915-b8e6-4a11-a28e-7d0b665e39ea'),(14,'886671d8-eda6-4fac-9edc-aed443353c11'),(14,'abbbecb6-e6b4-4161-ab74-85a212197d77'),(15,'1ae22ce7-ba93-408f-9ec2-4d167627292c'),(16,'53b24cbf-35a8-449a-a59d-a92bfdcc58f7'),(16,'9f3e1577-b144-4476-9245-a0bc0d462798'),(22,'e09fff2a-fda2-4387-aa8f-ea2ae8a3ac71'),(25,'ef80f348-ae39-4cc5-9644-8aae49acaa30'),(29,'ada0dc94-e942-451f-8645-ad53379c215e'),(32,'53b24cbf-35a8-449a-a59d-a92bfdcc58f7'),(34,'4b550fa7-dff3-499a-abff-b0d6c0dcc7c8'),(34,'5dd9ad2d-68fe-4bf1-b2fd-36d98f1485ed'),(41,'1b5f1099-9f1d-40bd-bd33-afe780839e8f'),(41,'429a9ee1-601a-4292-b89e-90d723e12889'),(41,'9b14686f-c19e-4122-9ef2-be575ac31739'),(41,'ab524b18-9d29-45ec-a7ec-ebedd249692a'),(43,'17b43380-b1af-4f4d-ae61-a0630a702281'),(43,'1b5f1099-9f1d-40bd-bd33-afe780839e8f'),(43,'3f32eaf6-c895-4c14-a263-6aea49b11352'),(43,'429a9ee1-601a-4292-b89e-90d723e12889'),(43,'7ed792d9-54cd-4946-9921-af3c3f7bf0f6'),(43,'d217fcfd-ffb6-484b-86f2-1feb5e6f0ebe'),(43,'e364d658-79b5-4d47-ba0c-fe56d1baf625'),(44,'f71b5634-ef01-4b5f-9dc0-200728d89ae2'),(45,'800c0406-5c28-4e91-aeda-5371c8bd9609'),(46,'c7862ab2-30ca-41c0-91cd-15400b5ed6ea'),(48,'97bc7cf0-9457-478b-9179-5357a9d7425c'),(49,'1b5f1099-9f1d-40bd-bd33-afe780839e8f'),(49,'40ff6bf0-9636-4b6c-8353-9e92d868060f'),(49,'68555dd3-9af4-4ad4-a52c-780d1777d252'),(49,'8a128901-480f-4413-b153-0ec8aa7e11c2'),(49,'a0cada76-1c66-4433-bc06-596257c2555a'),(50,'63a99c8a-99eb-4b99-b4bf-e4396d0468ed'),(50,'886671d8-eda6-4fac-9edc-aed443353c11'),(50,'ab524b18-9d29-45ec-a7ec-ebedd249692a'),(50,'c28320c3-3bf5-4b5e-9d63-a08a0fa33483'),(50,'e686a4c2-c19f-4973-ac1c-ed797c5c52de'),(51,'24fa2605-fcce-4b4c-9bab-9ec532d870dd'),(51,'8640d191-4f82-408d-bd0a-4b4acc7e492a'),(51,'951e9f9e-f92c-4897-b808-25eac9b53b04'),(51,'a7636431-cc8a-4d53-b2ca-9725f9240bc1'),(51,'ae2ec2ee-ea2c-4c17-9088-c7c8aaff3e1e'),(51,'c28320c3-3bf5-4b5e-9d63-a08a0fa33483'),(51,'e09fff2a-fda2-4387-aa8f-ea2ae8a3ac71'),(52,'1b5f1099-9f1d-40bd-bd33-afe780839e8f'),(52,'51810328-627d-4b88-b12a-f72240132b2c'),(52,'a0cada76-1c66-4433-bc06-596257c2555a'),(52,'ae2ec2ee-ea2c-4c17-9088-c7c8aaff3e1e'),(52,'e066f9ee-1b05-428b-a317-5e374b028ec2'),(52,'e364d658-79b5-4d47-ba0c-fe56d1baf625'),(53,'09a0b7c2-8916-432c-b24c-28c3a572c8b3'),(53,'2892e2aa-b67a-4fce-a444-0d8e19b500cb'),(53,'429a9ee1-601a-4292-b89e-90d723e12889'),(53,'4ec30d5d-1c08-4684-8852-9c9dc1e862d8'),(53,'5dd9ad2d-68fe-4bf1-b2fd-36d98f1485ed'),(53,'63a99c8a-99eb-4b99-b4bf-e4396d0468ed'),(53,'800c0406-5c28-4e91-aeda-5371c8bd9609'),(53,'87fdf0c9-8892-457a-92bb-99f2f9f40e29'),(53,'8a12c75c-a4b3-4feb-be38-7b781e65621f'),(53,'927a361e-80ef-433a-b629-8ac890a121db'),(53,'93bf872c-2674-4cf1-ad98-4591230ee164'),(53,'97bc7cf0-9457-478b-9179-5357a9d7425c'),(53,'99489502-98f6-4a12-9511-470aa7e61398'),(53,'aa683828-fb1c-4347-a250-926f43e1de41'),(53,'ab524b18-9d29-45ec-a7ec-ebedd249692a'),(53,'b51a80aa-1fec-4d52-b3db-9462a96c51f6'),(53,'c28320c3-3bf5-4b5e-9d63-a08a0fa33483'),(53,'e09fff2a-fda2-4387-aa8f-ea2ae8a3ac71'),(53,'e364d658-79b5-4d47-ba0c-fe56d1baf625'),(53,'e686a4c2-c19f-4973-ac1c-ed797c5c52de'),(54,'c7862ab2-30ca-41c0-91cd-15400b5ed6ea'),(54,'cf1b1b58-10f4-409b-8c89-636fa00d4061'),(55,'1b5f1099-9f1d-40bd-bd33-afe780839e8f'),(55,'40ff6bf0-9636-4b6c-8353-9e92d868060f'),(55,'429a9ee1-601a-4292-b89e-90d723e12889'),(55,'800c0406-5c28-4e91-aeda-5371c8bd9609'),(55,'8640d191-4f82-408d-bd0a-4b4acc7e492a'),(55,'8a128901-480f-4413-b153-0ec8aa7e11c2'),(56,'2308f320-369e-43fb-84ab-6c0b68d5a0ae'),(56,'c7862ab2-30ca-41c0-91cd-15400b5ed6ea'),(57,'24fa2605-fcce-4b4c-9bab-9ec532d870dd'),(57,'be3059e7-b1d1-46b1-b28a-2cc6a38cc09e'),(58,'4f95d978-caa9-4d45-8882-5c75eb6d28a2'),(58,'55cfa055-2038-4f90-a34a-7d44e9968039'),(58,'9b14686f-c19e-4122-9ef2-be575ac31739'),(59,'8a128901-480f-4413-b153-0ec8aa7e11c2'),(60,'ab524b18-9d29-45ec-a7ec-ebedd249692a'),(61,'ab524b18-9d29-45ec-a7ec-ebedd249692a'),(61,'ae2ec2ee-ea2c-4c17-9088-c7c8aaff3e1e'),(61,'e364d658-79b5-4d47-ba0c-fe56d1baf625'),(62,'429a9ee1-601a-4292-b89e-90d723e12889'),(62,'47648493-db43-486d-8f3b-aecadc78dd70'),(62,'48ba1441-8431-4040-92c0-0fae4bbede2b'),(62,'61a03b17-69b1-4f13-9c4d-723185123302'),(62,'aaf0323e-2a96-4481-b0f4-1b06e95e4a9d'),(62,'ab524b18-9d29-45ec-a7ec-ebedd249692a'),(62,'ada0dc94-e942-451f-8645-ad53379c215e'),(62,'ae2ec2ee-ea2c-4c17-9088-c7c8aaff3e1e'),(62,'d0e35d43-1209-4f8c-ba48-c80673736b1b'),(62,'d213e886-3523-44ca-a24e-acdf29b250dc'),(62,'d217fcfd-ffb6-484b-86f2-1feb5e6f0ebe'),(63,'2308f320-369e-43fb-84ab-6c0b68d5a0ae'),(63,'2a20f4b4-bd71-49d9-a2fd-a98950edc800'),(63,'538febe4-3a85-4174-8130-c545ce8beace'),(63,'ab524b18-9d29-45ec-a7ec-ebedd249692a'),(63,'c7862ab2-30ca-41c0-91cd-15400b5ed6ea'),(64,'ab524b18-9d29-45ec-a7ec-ebedd249692a'),(64,'af16148f-4996-4961-bd5e-22cff27db55e'),(65,'046f11dc-5b74-4167-b7f6-fa67ec51859d'),(65,'2308f320-369e-43fb-84ab-6c0b68d5a0ae'),(65,'2892e2aa-b67a-4fce-a444-0d8e19b500cb'),(65,'2ce5f4c9-90cc-45c6-abc9-5381dac34c27'),(65,'31d02aae-7ac5-42a9-b4c5-f1d42ff7fd21'),(65,'429a9ee1-601a-4292-b89e-90d723e12889'),(65,'538febe4-3a85-4174-8130-c545ce8beace'),(65,'6caab7fd-55cb-4742-bd24-e002c02675c4'),(65,'74ec3c81-e238-45b4-a3e6-bcd47c2864f8'),(65,'87fdf0c9-8892-457a-92bb-99f2f9f40e29'),(65,'883af978-404f-4a29-86a7-1733203900ea'),(65,'93bf872c-2674-4cf1-ad98-4591230ee164'),(65,'9b14686f-c19e-4122-9ef2-be575ac31739'),(65,'a03a3f83-332b-43d2-ae09-13390594a193'),(65,'a3339f22-6541-41f0-afe1-13c608f7422d'),(65,'ab7fee58-3a1b-4706-83a6-c1f1598a8d2c'),(65,'b51a80aa-1fec-4d52-b3db-9462a96c51f6'),(65,'bcc9ac13-ca9f-4070-a399-1a8e25518a2f'),(65,'bdad6d27-3303-474d-a749-c494ea3efeb0'),(65,'cedfaf59-2a0b-4ce4-8293-8027b19ec14b'),(65,'d6b374f5-0ec3-4fc9-86c9-c3ca0a94bc2b'),(65,'dae48a68-44f4-4742-8973-231b321075e6'),(65,'e364d658-79b5-4d47-ba0c-fe56d1baf625'),(65,'f033279a-ca0f-4481-a808-0d8c64212679'),(65,'f22728cf-687d-4ab1-a23a-2e80705743df'),(66,'2308f320-369e-43fb-84ab-6c0b68d5a0ae'),(66,'2b5864e0-8021-49ca-89f4-84ea2eec59ec'),(66,'883af978-404f-4a29-86a7-1733203900ea'),(67,'05bd4f2b-d744-406b-b48d-8adc0b13375a'),(67,'18354888-34be-4bfd-94ac-09d08f129f0b'),(67,'2a6cd75a-df4a-4928-89d7-fa62b2231c55'),(67,'73effd36-e4f6-45ba-95ff-b1d9a5678e03'),(67,'7ed22980-7c60-40fa-93ba-a7dcc4fe3507'),(67,'92b841d0-e6b6-4ec5-a882-58f75d842255'),(67,'96262da0-c7b7-4582-9223-f4fe774c252e'),(67,'ab524b18-9d29-45ec-a7ec-ebedd249692a'),(67,'c7862ab2-30ca-41c0-91cd-15400b5ed6ea'),(67,'cc7bbaf4-42ba-4f53-a43e-e04c9359096f'),(68,'13ecd198-9a1c-4eb5-99bd-74190baa0f3f'),(68,'8395d727-09f1-4db5-b2c7-29d853c38bea'),(68,'98bb3540-fe16-458b-8ddb-4db54449d041'),(68,'bcc9ac13-ca9f-4070-a399-1a8e25518a2f'),(68,'cab0f395-3e93-4cec-a70b-d944f6c074ec'),(69,'129ce780-dece-46df-bb80-c32f3b5050a3'),(69,'15351425-f7c1-4464-8081-fbb7d8a054a4'),(69,'1cda5f5d-0594-49eb-b510-2d5cbab156ac'),(69,'207b3344-9634-45cc-b913-25281e9067b2'),(69,'261191d2-529f-4ff7-9393-b12594dbee42'),(69,'307dd5bc-82c0-40ca-8ec9-5d9de06393f3'),(69,'4d41cb9e-8ff4-4366-be55-8bf2d0ef89a0'),(69,'51810328-627d-4b88-b12a-f72240132b2c'),(69,'538febe4-3a85-4174-8130-c545ce8beace'),(69,'60437d00-87c6-4cd0-93b0-32a8ac1ed576'),(69,'63a99c8a-99eb-4b99-b4bf-e4396d0468ed'),(69,'87fdf0c9-8892-457a-92bb-99f2f9f40e29'),(69,'8a128901-480f-4413-b153-0ec8aa7e11c2'),(69,'92baf92d-22fa-4fd4-bfdc-2cfa4a383268'),(69,'99fc2abe-04e9-4454-a732-a0ec83fbbe78'),(69,'a3339f22-6541-41f0-afe1-13c608f7422d'),(69,'a9adb5b4-8bb6-45a0-b61f-186b1a8bd510'),(69,'aa683828-fb1c-4347-a250-926f43e1de41'),(69,'ab7fee58-3a1b-4706-83a6-c1f1598a8d2c'),(69,'c4287b47-fb95-48f0-83ed-bd996bb3798e'),(69,'c85315a5-2e32-45dc-9252-e62b373233e7'),(69,'cedcd2ad-20c2-43d1-bc50-b779fbc1ee28'),(69,'d217fcfd-ffb6-484b-86f2-1feb5e6f0ebe'),(69,'d37f216d-fbf8-4575-bded-c5b7a0acd374'),(69,'e364d658-79b5-4d47-ba0c-fe56d1baf625'),(69,'e89d6727-af16-4c13-bbaf-53fc94498d36'),(69,'f542860b-7663-467a-956f-182d0e9d65b5'),(69,'fcb1e216-2dfc-41ba-b459-84bb00d51f1d'),(70,'dd22f0a0-63aa-4414-85fc-0f36cd30c2a6'),(71,'148c05ca-26b8-418c-9e16-c103ff05bb1d'),(71,'429a9ee1-601a-4292-b89e-90d723e12889'),(71,'6caab7fd-55cb-4742-bd24-e002c02675c4'),(71,'ab524b18-9d29-45ec-a7ec-ebedd249692a'),(71,'c7862ab2-30ca-41c0-91cd-15400b5ed6ea'),(71,'cc7bbaf4-42ba-4f53-a43e-e04c9359096f'),(71,'d6b374f5-0ec3-4fc9-86c9-c3ca0a94bc2b'),(71,'e364d658-79b5-4d47-ba0c-fe56d1baf625'),(71,'ec452dc1-7f60-414b-a339-73a0b5649462'),(72,'429a9ee1-601a-4292-b89e-90d723e12889'),(72,'93bf872c-2674-4cf1-ad98-4591230ee164'),(72,'a0cada76-1c66-4433-bc06-596257c2555a'),(72,'ae2ec2ee-ea2c-4c17-9088-c7c8aaff3e1e'),(72,'dae48a68-44f4-4742-8973-231b321075e6'),(72,'e364d658-79b5-4d47-ba0c-fe56d1baf625'),(72,'f1faa575-e208-43e4-a9fc-1c4d07e27202'),(73,'383db49e-db94-40d5-9cc7-39155c3507d8'),(73,'d213e886-3523-44ca-a24e-acdf29b250dc'),(74,'1ae22ce7-ba93-408f-9ec2-4d167627292c'),(74,'8640d191-4f82-408d-bd0a-4b4acc7e492a'),(77,'00362d1c-cb22-4f2f-9570-be5e38c46738'),(77,'025e4438-e119-423d-8f2a-5ebd9b816472'),(77,'07acdc51-fd3d-4d4c-a198-d8dac0b3cf86'),(77,'07d18aad-da33-442e-9fdb-9b0eab7b4944'),(77,'0a93a866-49db-4adc-9a21-6aa00ffa030a'),(77,'0c6041b6-a21d-48a7-bf3b-f51decd3f1d1'),(77,'0fe046f1-13dd-4308-a608-2793376623c4'),(77,'1076a647-eefc-45d6-a973-eb9b14817b7c'),(77,'1201c67e-aa89-425b-8d50-d9facf14e2ef'),(77,'129ce780-dece-46df-bb80-c32f3b5050a3'),(77,'152d393a-f534-44a8-a7a7-f550a41e33c1'),(77,'15351425-f7c1-4464-8081-fbb7d8a054a4'),(77,'161e86ff-e798-4117-a970-3f904e6aaacd'),(77,'17a2e0f9-0ac4-4baf-b2cf-6f2ecdd94431'),(77,'17b43380-b1af-4f4d-ae61-a0630a702281'),(77,'1cda5f5d-0594-49eb-b510-2d5cbab156ac'),(77,'204fcd30-c800-4fdc-917a-ad08aaa88c2a'),(77,'207b3344-9634-45cc-b913-25281e9067b2'),(77,'223e36e3-6c25-4c30-b77b-a6fae79f1eb1'),(77,'245601a1-7cd9-4ad9-baca-f0997271b9a7'),(77,'2892e2aa-b67a-4fce-a444-0d8e19b500cb'),(77,'2a6cd75a-df4a-4928-89d7-fa62b2231c55'),(77,'2bc3b77f-ead1-414e-87d0-2a1f6e62648a'),(77,'383db49e-db94-40d5-9cc7-39155c3507d8'),(77,'38b3def9-2484-498d-b398-e53b0fa6a6dc'),(77,'3c29c409-7cd4-46d6-83e3-35b9e2505ab8'),(77,'3e9fa3c7-bd75-4a42-ad5e-4054ac0b72ce'),(77,'3edc22a1-8030-4e69-8a46-3ca0bbe1790f'),(77,'40ff6bf0-9636-4b6c-8353-9e92d868060f'),(77,'43ee66b7-bc62-4978-97a6-ccf05bd6baa8'),(77,'44ed948a-fe1b-4300-a498-923761e1442f'),(77,'452756ab-00c7-41b2-a9d6-def85260c32f'),(77,'4692d619-4c76-4e04-97a7-a78346534177'),(77,'46a4bea7-9aba-4096-99b4-f7df5f57b46e'),(77,'4c7f1ac1-ed98-46b3-b8bd-857f7565fc4b'),(77,'4ceac965-7f09-4fab-a7b3-8f566b7fb5b1'),(77,'4feb0be1-32b4-40d7-8461-996784b6dfb3'),(77,'51e897cc-4505-4c05-9e58-db7ed2b98369'),(77,'538febe4-3a85-4174-8130-c545ce8beace'),(77,'550d8b30-febc-4cb3-ba47-9e56cc23f812'),(77,'5910db82-a70e-4d40-b809-1813d9c28344'),(77,'59cf6e92-e0c4-4344-a62b-e4e59406280d'),(77,'5a844cc0-ae75-4336-a1b4-3e60e86726ce'),(77,'5dfaf676-697a-4526-8e03-83bc2093c617'),(77,'615b3b28-9797-4253-a019-993861c04075'),(77,'6330ff47-ac6a-46ec-8d54-9048a8f4b86c'),(77,'63a99c8a-99eb-4b99-b4bf-e4396d0468ed'),(77,'66f49e87-0bb4-4e7f-b73f-616e0188ff51'),(77,'6b02e9f1-d897-402a-8ccd-ac069bdb9a62'),(77,'6c106a9e-1215-4228-a0ad-a9f87246f8be'),(77,'6caab7fd-55cb-4742-bd24-e002c02675c4'),(77,'73effd36-e4f6-45ba-95ff-b1d9a5678e03'),(77,'74328235-4cc5-4a1f-923e-ef5be40696d9'),(77,'75d7fa0d-3248-4ec8-9ffb-487a7c96b56c'),(77,'77434966-6ad6-469b-87ad-c4797e60a6bf'),(77,'79f12dc7-dead-421c-adf3-1a3d361ef447'),(77,'800c0406-5c28-4e91-aeda-5371c8bd9609'),(77,'8058de3d-3d7d-46c6-9c6d-9779778712ce'),(77,'812ca0f0-f607-4967-bbfd-49454305031e'),(77,'82f259d7-eefd-4f6b-89c0-afcba2825d89'),(77,'87fdf0c9-8892-457a-92bb-99f2f9f40e29'),(77,'883af978-404f-4a29-86a7-1733203900ea'),(77,'8a128901-480f-4413-b153-0ec8aa7e11c2'),(77,'8a12c75c-a4b3-4feb-be38-7b781e65621f'),(77,'8bafe42a-024c-4907-878d-277b323d0918'),(77,'8cdfcc2e-09af-44b7-be4d-e3add8237ec9'),(77,'92baf92d-22fa-4fd4-bfdc-2cfa4a383268'),(77,'93bf872c-2674-4cf1-ad98-4591230ee164'),(77,'941aa396-4aef-41d1-aff8-1f4d63442e4b'),(77,'98b7ef10-1517-4150-9277-61b6f34290c1'),(77,'9aa93837-7067-423e-a8b6-9e87efb1985b'),(77,'9b6057dd-d466-43cd-9756-d70d4d6a54f7'),(77,'9bd11a62-50b3-4093-a69b-d8658f7adea6'),(77,'9bfb01a1-ebe0-4719-aad4-21f5b867434a'),(77,'9e7ecf77-111d-4604-b881-9967c28f821a'),(77,'9f297ccb-20d2-4e40-93c3-0753e47823e1'),(77,'a0cada76-1c66-4433-bc06-596257c2555a'),(77,'a312dfbe-88e1-4101-bb03-74f9ea843ea7'),(77,'a3339f22-6541-41f0-afe1-13c608f7422d'),(77,'a9c516a8-6c00-4a3e-b510-bb141c7e9022'),(77,'aa683828-fb1c-4347-a250-926f43e1de41'),(77,'ab524b18-9d29-45ec-a7ec-ebedd249692a'),(77,'abbbecb6-e6b4-4161-ab74-85a212197d77'),(77,'ae2ec2ee-ea2c-4c17-9088-c7c8aaff3e1e'),(77,'b02687ee-c560-4b04-9e22-be55954c8de0'),(77,'b4a20f6a-5a49-4120-98c1-abf8b90ccce0'),(77,'b8395937-0d6b-4da7-99d0-337e641193fe'),(77,'bdad6d27-3303-474d-a749-c494ea3efeb0'),(77,'beb1f34e-fd0a-4c6a-b4a2-90c0000df101'),(77,'c1aaf56b-b4fd-4c25-9fb7-1f5e9ba5daf7'),(77,'c7862ab2-30ca-41c0-91cd-15400b5ed6ea'),(77,'c9577dd9-2742-4ee6-8959-21fe2e8178a1'),(77,'ced4c0ab-e7c4-4b19-aeee-f3cc17a2d235'),(77,'cedcd2ad-20c2-43d1-bc50-b779fbc1ee28'),(77,'cf40a3ac-ab50-4a76-89c6-795a13261ada'),(77,'d5a9fcf7-1e0e-4427-8c67-40d7a738c78c'),(77,'d6b374f5-0ec3-4fc9-86c9-c3ca0a94bc2b'),(77,'e0000f1a-8bfb-4a90-9d97-28ac8ea2986e'),(77,'e09fff2a-fda2-4387-aa8f-ea2ae8a3ac71'),(77,'e364d658-79b5-4d47-ba0c-fe56d1baf625'),(77,'e3efe58e-a09f-4085-9fc4-eb814e9bd1d1'),(77,'e89d6727-af16-4c13-bbaf-53fc94498d36'),(77,'e9f6169e-6520-482e-90ff-893ca8945983'),(77,'eb2df590-5c12-4dcb-9335-0abdb4da4f97'),(77,'f14fae44-8b78-41ee-afca-9b01b4beface'),(77,'f4913d4c-dc27-490f-9987-795e1aa7b156'),(77,'f5035499-39e5-44bd-8a40-bb04a935bbfb'),(77,'f542860b-7663-467a-956f-182d0e9d65b5'),(77,'fa6d0e2d-8db8-4651-a3da-46de673df1a4'),(77,'ff954290-1747-42fe-bf44-99071d60bc05'),(78,'1201c67e-aa89-425b-8d50-d9facf14e2ef'),(78,'148c05ca-26b8-418c-9e16-c103ff05bb1d'),(78,'161e86ff-e798-4117-a970-3f904e6aaacd'),(78,'3f45af9c-59bc-47ae-8a31-23139f07ed4d'),(78,'84441801-5f3e-48fb-9c38-759a6d725182'),(78,'a3339f22-6541-41f0-afe1-13c608f7422d'),(78,'aa683828-fb1c-4347-a250-926f43e1de41'),(78,'d1956765-37c0-464e-bbea-1948cef6a4bc'),(79,'0845da7f-1bbb-4f9e-ab8e-4c5cdc8a42d0'),(79,'1201c67e-aa89-425b-8d50-d9facf14e2ef'),(79,'17a2e0f9-0ac4-4baf-b2cf-6f2ecdd94431'),(79,'17b43380-b1af-4f4d-ae61-a0630a702281'),(79,'1a841bb5-0bf7-40a9-a6f6-88cb92d5b348'),(79,'1dae617d-5a2b-4d69-aecb-de84df9126e3'),(79,'207b3344-9634-45cc-b913-25281e9067b2'),(79,'261191d2-529f-4ff7-9393-b12594dbee42'),(79,'383db49e-db94-40d5-9cc7-39155c3507d8'),(79,'38b3def9-2484-498d-b398-e53b0fa6a6dc'),(79,'3c29c409-7cd4-46d6-83e3-35b9e2505ab8'),(79,'3e9fa3c7-bd75-4a42-ad5e-4054ac0b72ce'),(79,'3f32eaf6-c895-4c14-a263-6aea49b11352'),(79,'431ae2b3-5c05-4b48-b6d9-e5051fc30c67'),(79,'4b4bd9a7-408b-429a-9f94-d8ac078371d3'),(79,'4ceac965-7f09-4fab-a7b3-8f566b7fb5b1'),(79,'5dd9ad2d-68fe-4bf1-b2fd-36d98f1485ed'),(79,'718a0b03-5e66-440b-893e-57a12d6c6a9e'),(79,'812ca0f0-f607-4967-bbfd-49454305031e'),(79,'84994dc5-cf2b-4d79-b83e-36721ff7776b'),(79,'87fdf0c9-8892-457a-92bb-99f2f9f40e29'),(79,'93bf872c-2674-4cf1-ad98-4591230ee164'),(79,'98bb3540-fe16-458b-8ddb-4db54449d041'),(79,'9aa93837-7067-423e-a8b6-9e87efb1985b'),(79,'9bd11a62-50b3-4093-a69b-d8658f7adea6'),(79,'a03a3f83-332b-43d2-ae09-13390594a193'),(79,'a0cada76-1c66-4433-bc06-596257c2555a'),(79,'a3339f22-6541-41f0-afe1-13c608f7422d'),(79,'a44c3b7f-5c7f-42ea-98ad-fb23a1067bdd'),(79,'ab524b18-9d29-45ec-a7ec-ebedd249692a'),(79,'af133702-c030-49a0-848f-018aa65ccfec'),(79,'b1833374-8e98-499e-9a1d-19ee67f1248e'),(79,'b5807043-3058-448c-b108-008b2a26e51f'),(79,'c7862ab2-30ca-41c0-91cd-15400b5ed6ea'),(79,'d0b3dad7-6a44-4138-8779-c92f5860bae1'),(79,'dd97c6bf-4f10-4cbb-8421-500e22f82e46'),(79,'e2462060-f6ac-42d9-980d-1a353744048c'),(79,'e364d658-79b5-4d47-ba0c-fe56d1baf625'),(79,'e3efe58e-a09f-4085-9fc4-eb814e9bd1d1'),(79,'ef14048c-c3e0-4af4-ac97-090ecfb9c65a'),(79,'f14fae44-8b78-41ee-afca-9b01b4beface'),(79,'f71b5634-ef01-4b5f-9dc0-200728d89ae2'),(80,'1201c67e-aa89-425b-8d50-d9facf14e2ef'),(80,'24fa2605-fcce-4b4c-9bab-9ec532d870dd'),(80,'2a2f6e50-7630-47b6-8508-625f2a20ca90'),(80,'35bfe21b-2d81-42c5-9e20-bb6b237b5d39'),(80,'38b3def9-2484-498d-b398-e53b0fa6a6dc'),(80,'3edc22a1-8030-4e69-8a46-3ca0bbe1790f'),(80,'3f6d55c5-919d-4619-b39c-5f22da66d26b'),(80,'410950de-ff12-41ed-a0fa-5f897ef7fce6'),(80,'4ce85259-bc49-475a-91b3-b318c48784ad'),(80,'66f49e87-0bb4-4e7f-b73f-616e0188ff51'),(80,'718a0b03-5e66-440b-893e-57a12d6c6a9e'),(80,'800c0406-5c28-4e91-aeda-5371c8bd9609'),(80,'93bf872c-2674-4cf1-ad98-4591230ee164'),(80,'9b14686f-c19e-4122-9ef2-be575ac31739'),(80,'b2411f9b-3e0e-409c-9389-ec676898ec73'),(80,'c7862ab2-30ca-41c0-91cd-15400b5ed6ea'),(80,'cedcd2ad-20c2-43d1-bc50-b779fbc1ee28'),(80,'e364d658-79b5-4d47-ba0c-fe56d1baf625'),(81,'0873ffef-8ecc-4a7b-80bb-a8c037563374'),(81,'1201c67e-aa89-425b-8d50-d9facf14e2ef'),(81,'2308f320-369e-43fb-84ab-6c0b68d5a0ae'),(81,'35bfe21b-2d81-42c5-9e20-bb6b237b5d39'),(81,'383db49e-db94-40d5-9cc7-39155c3507d8'),(81,'429a9ee1-601a-4292-b89e-90d723e12889'),(81,'4acffc79-662c-42f1-b682-5ad3d0095292'),(81,'5394df1e-5c3e-4e17-ad79-624d3c76fee0'),(81,'66f49e87-0bb4-4e7f-b73f-616e0188ff51'),(81,'8cdfcc2e-09af-44b7-be4d-e3add8237ec9'),(81,'9b0ce1d0-4f6b-425a-bade-08bbdf178d91'),(81,'a771b3d1-4217-4f3e-98d8-48f2fbb8e419'),(81,'ad25323e-5d26-4d82-abb6-f87c45aa5daa'),(81,'ae2ec2ee-ea2c-4c17-9088-c7c8aaff3e1e'),(81,'bb59c007-e694-4c69-8f77-133326c07037'),(81,'c7862ab2-30ca-41c0-91cd-15400b5ed6ea'),(81,'ced4c0ab-e7c4-4b19-aeee-f3cc17a2d235'),(81,'cedcd2ad-20c2-43d1-bc50-b779fbc1ee28'),(81,'d213e886-3523-44ca-a24e-acdf29b250dc'),(81,'ec452dc1-7f60-414b-a339-73a0b5649462'),(81,'f995ac58-a791-41b5-9225-24a06a9b1185'),(82,'1201c67e-aa89-425b-8d50-d9facf14e2ef'),(82,'13ecd198-9a1c-4eb5-99bd-74190baa0f3f'),(82,'225266f7-236c-4b11-9cc8-535caa7327e2'),(82,'3e9fa3c7-bd75-4a42-ad5e-4054ac0b72ce'),(82,'46a4bea7-9aba-4096-99b4-f7df5f57b46e'),(82,'4b4bd9a7-408b-429a-9f94-d8ac078371d3'),(82,'6299b394-a736-46a3-8b49-8979e800cac8'),(82,'6330ff47-ac6a-46ec-8d54-9048a8f4b86c'),(82,'66f49e87-0bb4-4e7f-b73f-616e0188ff51'),(82,'76d9de14-cb0d-4fd9-8afe-0815e8b59d1d'),(82,'7af850bd-3eba-496d-8771-06669f81ca35'),(82,'8395d727-09f1-4db5-b2c7-29d853c38bea'),(82,'a97fbe82-5a8b-43c0-98aa-48cc1fab6406'),(82,'bcc9ac13-ca9f-4070-a399-1a8e25518a2f'),(82,'c7862ab2-30ca-41c0-91cd-15400b5ed6ea'),(82,'f995ac58-a791-41b5-9225-24a06a9b1185'),(82,'fda2576f-f338-486b-afc8-47c1e99d5f7e'),(83,'0873ffef-8ecc-4a7b-80bb-a8c037563374'),(83,'1201c67e-aa89-425b-8d50-d9facf14e2ef'),(83,'2a2f6e50-7630-47b6-8508-625f2a20ca90'),(83,'383db49e-db94-40d5-9cc7-39155c3507d8'),(83,'3e9fa3c7-bd75-4a42-ad5e-4054ac0b72ce'),(83,'4b4bd9a7-408b-429a-9f94-d8ac078371d3'),(83,'7ed438e0-15b6-471f-aeae-b442b669b072'),(83,'84441801-5f3e-48fb-9c38-759a6d725182'),(83,'94e6e977-c067-4371-b064-2507b54c260a'),(83,'b331ba63-87b1-48dd-b1d3-2e8fdbf0f936'),(83,'cedcd2ad-20c2-43d1-bc50-b779fbc1ee28'),(83,'e364d658-79b5-4d47-ba0c-fe56d1baf625'),(84,'07acdc51-fd3d-4d4c-a198-d8dac0b3cf86'),(84,'0fe046f1-13dd-4308-a608-2793376623c4'),(84,'15803b1b-88bc-4e7c-ba5e-cc5022227962'),(84,'161e86ff-e798-4117-a970-3f904e6aaacd'),(84,'16ade834-4448-4187-ab62-818e9cc6f892'),(84,'1cda5f5d-0594-49eb-b510-2d5cbab156ac'),(84,'1dae617d-5a2b-4d69-aecb-de84df9126e3'),(84,'204fcd30-c800-4fdc-917a-ad08aaa88c2a'),(84,'2892e2aa-b67a-4fce-a444-0d8e19b500cb'),(84,'2a6cd75a-df4a-4928-89d7-fa62b2231c55'),(84,'3edc22a1-8030-4e69-8a46-3ca0bbe1790f'),(84,'3f32eaf6-c895-4c14-a263-6aea49b11352'),(84,'40ff6bf0-9636-4b6c-8353-9e92d868060f'),(84,'4b4bd9a7-408b-429a-9f94-d8ac078371d3'),(84,'4ce85259-bc49-475a-91b3-b318c48784ad'),(84,'4d41cb9e-8ff4-4366-be55-8bf2d0ef89a0'),(84,'6330ff47-ac6a-46ec-8d54-9048a8f4b86c'),(84,'6b02e9f1-d897-402a-8ccd-ac069bdb9a62'),(84,'6c354d50-e361-416c-aa75-48f76ff0851a'),(84,'6caab7fd-55cb-4742-bd24-e002c02675c4'),(84,'718a0b03-5e66-440b-893e-57a12d6c6a9e'),(84,'73effd36-e4f6-45ba-95ff-b1d9a5678e03'),(84,'74328235-4cc5-4a1f-923e-ef5be40696d9'),(84,'75d7fa0d-3248-4ec8-9ffb-487a7c96b56c'),(84,'7dc41ee2-f5ff-459f-8ed1-61691c6c1c16'),(84,'7ed438e0-15b6-471f-aeae-b442b669b072'),(84,'82f259d7-eefd-4f6b-89c0-afcba2825d89'),(84,'92baf92d-22fa-4fd4-bfdc-2cfa4a383268'),(84,'9aa93837-7067-423e-a8b6-9e87efb1985b'),(84,'9bd11a62-50b3-4093-a69b-d8658f7adea6'),(84,'a312dfbe-88e1-4101-bb03-74f9ea843ea7'),(84,'ab524b18-9d29-45ec-a7ec-ebedd249692a'),(84,'abbbecb6-e6b4-4161-ab74-85a212197d77'),(84,'bbecb9fd-e1a2-4908-97a1-c2848b903d91'),(84,'c1aaf56b-b4fd-4c25-9fb7-1f5e9ba5daf7'),(84,'c9577dd9-2742-4ee6-8959-21fe2e8178a1'),(84,'db570da1-161a-4581-8a3b-bddc81a89450'),(84,'e5713fae-fa94-41ce-a8ac-ddfaee6eaa57'),(84,'f5035499-39e5-44bd-8a40-bb04a935bbfb'),(84,'f59c36f9-9ab6-4dc4-9d9c-c7d8937efd10'),(84,'f6b95b03-4d0a-463e-adf1-dbf22eccf914'),(84,'ff954290-1747-42fe-bf44-99071d60bc05'),(85,'15803b1b-88bc-4e7c-ba5e-cc5022227962'),(85,'185a9f87-8dd8-42f1-8ad0-b2376203c939'),(85,'1dae617d-5a2b-4d69-aecb-de84df9126e3'),(85,'3e9fa3c7-bd75-4a42-ad5e-4054ac0b72ce'),(85,'3f32eaf6-c895-4c14-a263-6aea49b11352'),(85,'4b4bd9a7-408b-429a-9f94-d8ac078371d3'),(85,'4ce85259-bc49-475a-91b3-b318c48784ad'),(85,'511fafd0-f167-44ba-83d5-bec1fe7d2a1e'),(85,'708b0dfd-9485-4c12-a311-f7258fc493dc'),(85,'76d9de14-cb0d-4fd9-8afe-0815e8b59d1d'),(85,'7af850bd-3eba-496d-8771-06669f81ca35'),(85,'93bf872c-2674-4cf1-ad98-4591230ee164'),(85,'98bb3540-fe16-458b-8ddb-4db54449d041'),(85,'9aa93837-7067-423e-a8b6-9e87efb1985b'),(85,'a4321581-d654-4d94-8e81-b5abd8637d27'),(85,'a44c3b7f-5c7f-42ea-98ad-fb23a1067bdd'),(85,'ab524b18-9d29-45ec-a7ec-ebedd249692a'),(85,'bb59c007-e694-4c69-8f77-133326c07037'),(85,'e40bc4b2-d8bc-44d1-923e-0f5083d084e4'),(85,'ef14048c-c3e0-4af4-ac97-090ecfb9c65a'),(85,'f14fae44-8b78-41ee-afca-9b01b4beface'),(128,'1bb0ae79-850c-4c71-b337-580413283e7d'),(128,'1dae617d-5a2b-4d69-aecb-de84df9126e3'),(128,'cedcd2ad-20c2-43d1-bc50-b779fbc1ee28'),(128,'d37f216d-fbf8-4575-bded-c5b7a0acd374'),(128,'e364d658-79b5-4d47-ba0c-fe56d1baf625'),(128,'e5713fae-fa94-41ce-a8ac-ddfaee6eaa57'),(129,'ada0dc94-e942-451f-8645-ad53379c215e'),(130,'31d02aae-7ac5-42a9-b4c5-f1d42ff7fd21'),(130,'6caab7fd-55cb-4742-bd24-e002c02675c4'),(130,'9aa93837-7067-423e-a8b6-9e87efb1985b'),(130,'bcc9ac13-ca9f-4070-a399-1a8e25518a2f'),(130,'cedfaf59-2a0b-4ce4-8293-8027b19ec14b'),(130,'db570da1-161a-4581-8a3b-bddc81a89450'),(131,'129cf0d4-f083-4c4e-9ddf-3769f42b659b'),(131,'148c05ca-26b8-418c-9e16-c103ff05bb1d'),(131,'15803b1b-88bc-4e7c-ba5e-cc5022227962'),(131,'1dae617d-5a2b-4d69-aecb-de84df9126e3'),(131,'221f62f9-8726-4986-af52-6cb08e6aae4d'),(131,'25ee9024-f327-41ae-999e-0b347f70b12e'),(131,'2b5864e0-8021-49ca-89f4-84ea2eec59ec'),(131,'30e1a742-1f9c-4671-8626-6559104bd21f'),(131,'4b4bd9a7-408b-429a-9f94-d8ac078371d3'),(131,'504592bc-3213-4b4d-8168-9c4d22630979'),(131,'54b914f6-402d-472e-9200-0e4870c7e503'),(131,'6299b394-a736-46a3-8b49-8979e800cac8'),(131,'63ec03b9-d9bd-49f4-9713-516586245a3c'),(131,'74328235-4cc5-4a1f-923e-ef5be40696d9'),(131,'800c0406-5c28-4e91-aeda-5371c8bd9609'),(131,'8634181f-6106-4f61-8278-92dcc1d88239'),(131,'8a128901-480f-4413-b153-0ec8aa7e11c2'),(131,'97bc7cf0-9457-478b-9179-5357a9d7425c'),(131,'a312dfbe-88e1-4101-bb03-74f9ea843ea7'),(131,'b71973ed-3862-470f-94e3-92b0414cff28'),(131,'ba1ade27-18a4-4ded-9ffa-f831dc9f649a'),(131,'baba4b20-c646-4107-b2d1-bd9aa2158993'),(131,'bd1247c4-e831-4d3b-b2f3-752b027082ba'),(131,'bf7f1152-5da2-4044-a271-3a7d993baf8d'),(131,'c87b837a-bae8-4e88-8b70-be66139cd57f'),(131,'cc7bbaf4-42ba-4f53-a43e-e04c9359096f'),(131,'d37f216d-fbf8-4575-bded-c5b7a0acd374'),(131,'db570da1-161a-4581-8a3b-bddc81a89450'),(131,'dd458bf6-bb30-4b6f-814d-9a3b8f2a4576'),(131,'e5713fae-fa94-41ce-a8ac-ddfaee6eaa57'),(131,'eb2df590-5c12-4dcb-9335-0abdb4da4f97'),(131,'eb7380a5-3e3a-4aa1-beeb-bd71dafa758a'),(131,'f7e7f5c4-8b75-4dc4-9cfd-7692e02615bc'),(132,'1201c67e-aa89-425b-8d50-d9facf14e2ef'),(132,'129cf0d4-f083-4c4e-9ddf-3769f42b659b'),(132,'1dae617d-5a2b-4d69-aecb-de84df9126e3'),(132,'2030b481-6ced-46b1-b13f-1ff9422ea2fd'),(132,'204fcd30-c800-4fdc-917a-ad08aaa88c2a'),(132,'2308f320-369e-43fb-84ab-6c0b68d5a0ae'),(132,'25ee9024-f327-41ae-999e-0b347f70b12e'),(132,'29cfff0a-dc2b-4041-8961-269c66bb572f'),(132,'2b5864e0-8021-49ca-89f4-84ea2eec59ec'),(132,'2cc65ab7-92af-4602-90fe-b37d73b56195'),(132,'3507fa06-03f6-45fa-a310-91e5f883afe4'),(132,'3a0e27a0-2de0-474e-9a42-d2358741bde1'),(132,'3e051023-7c89-4c8b-ba1f-281ee6aabd59'),(132,'4b4bd9a7-408b-429a-9f94-d8ac078371d3'),(132,'5031a721-fc9a-4ed3-b56a-b117e0321b71'),(132,'504592bc-3213-4b4d-8168-9c4d22630979'),(132,'53b628c4-026c-4a37-b689-a922c58ca6c5'),(132,'54b914f6-402d-472e-9200-0e4870c7e503'),(132,'6299b394-a736-46a3-8b49-8979e800cac8'),(132,'63ec03b9-d9bd-49f4-9713-516586245a3c'),(132,'652d5781-4583-4112-9fa3-c874d2d44ca3'),(132,'74328235-4cc5-4a1f-923e-ef5be40696d9'),(132,'7dfaec00-9346-444d-bee4-37e637d98b7d'),(132,'97bc7cf0-9457-478b-9179-5357a9d7425c'),(132,'9f4e53a7-882e-45b8-a476-ee66072994de'),(132,'a312dfbe-88e1-4101-bb03-74f9ea843ea7'),(132,'a44c3b7f-5c7f-42ea-98ad-fb23a1067bdd'),(132,'ae11c1ce-d7cc-4385-bc9d-2a5242a8bd14'),(132,'b71973ed-3862-470f-94e3-92b0414cff28'),(132,'bd1247c4-e831-4d3b-b2f3-752b027082ba'),(132,'bf94f6ff-9345-426e-b0a6-e48909ddfc69'),(132,'cc7bbaf4-42ba-4f53-a43e-e04c9359096f'),(132,'d1d5c7b6-1104-4570-8886-1b50123285df'),(132,'d37f216d-fbf8-4575-bded-c5b7a0acd374'),(132,'e28801d8-7ca5-485a-9b6d-ba146d6e7324'),(132,'e31e0ada-90a9-4fb4-961f-76d6ea22f80c'),(132,'eb2df590-5c12-4dcb-9335-0abdb4da4f97'),(132,'f11db3dc-9c64-4eff-9f91-d385eacebc4b'),(132,'f319acc2-de24-472d-9428-fe822a784542'),(132,'f7e7f5c4-8b75-4dc4-9cfd-7692e02615bc'),(133,'0c406dd7-b676-4b08-9577-01b733d8e41d'),(133,'1201c67e-aa89-425b-8d50-d9facf14e2ef'),(133,'1dae617d-5a2b-4d69-aecb-de84df9126e3'),(133,'2308f320-369e-43fb-84ab-6c0b68d5a0ae'),(133,'243a8128-e91c-4e4f-a86c-8c61a0d9de5a'),(133,'2b5864e0-8021-49ca-89f4-84ea2eec59ec'),(133,'4b4bd9a7-408b-429a-9f94-d8ac078371d3'),(133,'504592bc-3213-4b4d-8168-9c4d22630979'),(133,'6299b394-a736-46a3-8b49-8979e800cac8'),(133,'63ec03b9-d9bd-49f4-9713-516586245a3c'),(133,'74328235-4cc5-4a1f-923e-ef5be40696d9'),(133,'7dfaec00-9346-444d-bee4-37e637d98b7d'),(133,'8a128901-480f-4413-b153-0ec8aa7e11c2'),(133,'97bc7cf0-9457-478b-9179-5357a9d7425c'),(133,'a312dfbe-88e1-4101-bb03-74f9ea843ea7'),(133,'a44c3b7f-5c7f-42ea-98ad-fb23a1067bdd'),(133,'b71973ed-3862-470f-94e3-92b0414cff28'),(133,'bd1247c4-e831-4d3b-b2f3-752b027082ba'),(133,'bf94f6ff-9345-426e-b0a6-e48909ddfc69'),(133,'cc7bbaf4-42ba-4f53-a43e-e04c9359096f'),(133,'db570da1-161a-4581-8a3b-bddc81a89450'),(133,'e31e0ada-90a9-4fb4-961f-76d6ea22f80c'),(133,'eb2df590-5c12-4dcb-9335-0abdb4da4f97'),(133,'f11db3dc-9c64-4eff-9f91-d385eacebc4b'),(133,'f319acc2-de24-472d-9428-fe822a784542'),(133,'f71b5634-ef01-4b5f-9dc0-200728d89ae2'),(133,'f7e7f5c4-8b75-4dc4-9cfd-7692e02615bc'),(134,'1201c67e-aa89-425b-8d50-d9facf14e2ef'),(134,'1dae617d-5a2b-4d69-aecb-de84df9126e3'),(134,'2b5864e0-8021-49ca-89f4-84ea2eec59ec'),(134,'4b4bd9a7-408b-429a-9f94-d8ac078371d3'),(134,'504592bc-3213-4b4d-8168-9c4d22630979'),(134,'54b914f6-402d-472e-9200-0e4870c7e503'),(134,'6299b394-a736-46a3-8b49-8979e800cac8'),(134,'63ec03b9-d9bd-49f4-9713-516586245a3c'),(134,'74328235-4cc5-4a1f-923e-ef5be40696d9'),(134,'789c9547-8ddd-4a2b-979b-297dff7035ad'),(134,'97bc7cf0-9457-478b-9179-5357a9d7425c'),(134,'9b70291e-04f8-45d7-9607-14cf3e3d7c2d'),(134,'9f4e53a7-882e-45b8-a476-ee66072994de'),(134,'b71973ed-3862-470f-94e3-92b0414cff28'),(134,'bd1247c4-e831-4d3b-b2f3-752b027082ba'),(134,'cc7bbaf4-42ba-4f53-a43e-e04c9359096f'),(134,'d1d5c7b6-1104-4570-8886-1b50123285df'),(134,'d37f216d-fbf8-4575-bded-c5b7a0acd374'),(134,'dd458bf6-bb30-4b6f-814d-9a3b8f2a4576'),(134,'e1bf3eee-cc6c-42ed-ac36-c0ab8bcd737b'),(134,'e31e0ada-90a9-4fb4-961f-76d6ea22f80c'),(134,'eb2df590-5c12-4dcb-9335-0abdb4da4f97'),(134,'f319acc2-de24-472d-9428-fe822a784542'),(134,'f7e7f5c4-8b75-4dc4-9cfd-7692e02615bc'),(135,'3e051023-7c89-4c8b-ba1f-281ee6aabd59'),(135,'4b4bd9a7-408b-429a-9f94-d8ac078371d3'),(135,'504592bc-3213-4b4d-8168-9c4d22630979'),(135,'54b914f6-402d-472e-9200-0e4870c7e503'),(135,'6299b394-a736-46a3-8b49-8979e800cac8'),(135,'63ec03b9-d9bd-49f4-9713-516586245a3c'),(135,'8634181f-6106-4f61-8278-92dcc1d88239'),(135,'a44c3b7f-5c7f-42ea-98ad-fb23a1067bdd'),(135,'b71973ed-3862-470f-94e3-92b0414cff28'),(135,'d1d5c7b6-1104-4570-8886-1b50123285df'),(135,'e31e0ada-90a9-4fb4-961f-76d6ea22f80c'),(135,'eb2df590-5c12-4dcb-9335-0abdb4da4f97'),(135,'f7bc22da-09ec-4eed-9eb1-bfba8e59c41a'),(135,'f7e7f5c4-8b75-4dc4-9cfd-7692e02615bc'),(136,'148c05ca-26b8-418c-9e16-c103ff05bb1d'),(136,'2cc65ab7-92af-4602-90fe-b37d73b56195'),(136,'383db49e-db94-40d5-9cc7-39155c3507d8'),(136,'4b4bd9a7-408b-429a-9f94-d8ac078371d3'),(136,'504592bc-3213-4b4d-8168-9c4d22630979'),(136,'53b628c4-026c-4a37-b689-a922c58ca6c5'),(136,'54b914f6-402d-472e-9200-0e4870c7e503'),(136,'6299b394-a736-46a3-8b49-8979e800cac8'),(136,'7dfaec00-9346-444d-bee4-37e637d98b7d'),(136,'8634181f-6106-4f61-8278-92dcc1d88239'),(136,'8a128901-480f-4413-b153-0ec8aa7e11c2'),(136,'adba835d-535c-4af5-9c6b-bf9198ad0ac0'),(136,'b71973ed-3862-470f-94e3-92b0414cff28'),(136,'e5713fae-fa94-41ce-a8ac-ddfaee6eaa57'),(136,'eb2df590-5c12-4dcb-9335-0abdb4da4f97'),(137,'5dd9ad2d-68fe-4bf1-b2fd-36d98f1485ed'),(137,'7dfaec00-9346-444d-bee4-37e637d98b7d'),(137,'9b70291e-04f8-45d7-9607-14cf3e3d7c2d'),(137,'ad7b95c6-5ea5-4bb5-9daa-6951bc180453'),(137,'b8395937-0d6b-4da7-99d0-337e641193fe'),(137,'d1d5c7b6-1104-4570-8886-1b50123285df'),(137,'dd458bf6-bb30-4b6f-814d-9a3b8f2a4576'),(137,'e0000f1a-8bfb-4a90-9d97-28ac8ea2986e'),(137,'e1bf3eee-cc6c-42ed-ac36-c0ab8bcd737b'),(138,'07acdc51-fd3d-4d4c-a198-d8dac0b3cf86'),(138,'0d0005a7-377b-4ff3-a727-526d2b316ff9'),(138,'207b3344-9634-45cc-b913-25281e9067b2'),(138,'27940bf0-d12b-4074-86da-c7682fbf0b99'),(138,'2dac3d84-7c4e-4602-9368-16555f6cea5e'),(138,'30e1a742-1f9c-4671-8626-6559104bd21f'),(138,'38d90c2a-6f68-46cd-ae43-27a4d99a7aaa'),(138,'40d1ad76-0e02-47a3-8496-0b9c6050e08d'),(138,'49e57248-5a59-4b89-9015-90d6c1bc4cf6'),(138,'5dd9ad2d-68fe-4bf1-b2fd-36d98f1485ed'),(138,'7dfaec00-9346-444d-bee4-37e637d98b7d'),(138,'928f98a0-c6fa-4ff2-bad0-1af6ba77f716'),(138,'96262da0-c7b7-4582-9223-f4fe774c252e'),(138,'9b40f2d9-f1e4-4bbe-ab46-77be666eeb28'),(138,'9b70291e-04f8-45d7-9607-14cf3e3d7c2d'),(138,'9bfab48c-951f-4635-8844-19295d377c1f'),(138,'9e7ecf77-111d-4604-b881-9967c28f821a'),(138,'ac5b5146-2d61-46bb-b93a-ee1e31f7caeb'),(138,'b4b2c99f-0c1d-4be3-8fe3-3dd295edd1da'),(138,'b8395937-0d6b-4da7-99d0-337e641193fe'),(138,'bba46f1e-71db-4039-8681-fc8eb5ac2a2e'),(138,'c037b9ba-af0d-4b24-9979-d490154f8681'),(138,'c04d935d-e3c5-43c1-ac32-c1fbf5e6f8a1'),(138,'c87b837a-bae8-4e88-8b70-be66139cd57f'),(138,'db570da1-161a-4581-8a3b-bddc81a89450'),(138,'dd458bf6-bb30-4b6f-814d-9a3b8f2a4576'),(138,'e0000f1a-8bfb-4a90-9d97-28ac8ea2986e'),(138,'e24183ce-49b3-4846-b0ca-be45f03367e4'),(138,'e28801d8-7ca5-485a-9b6d-ba146d6e7324'),(138,'e5713fae-fa94-41ce-a8ac-ddfaee6eaa57'),(138,'e676c005-f5bb-4898-bf5f-ea04cd1a50d1'),(138,'eb7380a5-3e3a-4aa1-beeb-bd71dafa758a'),(138,'f59c36f9-9ab6-4dc4-9d9c-c7d8937efd10'),(138,'f778cac7-75f4-4b78-90c7-de60574f8b52'),(138,'f86d4543-08d1-48c7-aab8-e1d1dda17ccf'),(138,'fa6d0e2d-8db8-4651-a3da-46de673df1a4'),(139,'07acdc51-fd3d-4d4c-a198-d8dac0b3cf86'),(139,'0c406dd7-b676-4b08-9577-01b733d8e41d'),(139,'136a08ca-b6a9-4537-b5ed-8d0ed83df27f'),(139,'189adcd7-10c4-444b-b199-de1b64ee3f4c'),(139,'383db49e-db94-40d5-9cc7-39155c3507d8'),(139,'3e468677-ad33-4e7e-b48b-a18a32ed11a3'),(139,'40d1ad76-0e02-47a3-8496-0b9c6050e08d'),(139,'4847129c-96ae-4a4b-a3ec-128c7a2a6a01'),(139,'5c2077b3-ed63-4be2-a593-eee374b7dbb0'),(139,'87d28f35-a262-48bc-9b2a-ae6ad1a5b530'),(139,'9b70291e-04f8-45d7-9607-14cf3e3d7c2d'),(139,'ad7b95c6-5ea5-4bb5-9daa-6951bc180453'),(139,'b8395937-0d6b-4da7-99d0-337e641193fe'),(139,'f11db3dc-9c64-4eff-9f91-d385eacebc4b'),(140,'0c406dd7-b676-4b08-9577-01b733d8e41d'),(140,'189f35ee-000c-4e84-961a-0b2545d8d927'),(140,'2030b481-6ced-46b1-b13f-1ff9422ea2fd'),(140,'2b446830-763c-4a5a-acc6-b36de0eca329'),(140,'3507fa06-03f6-45fa-a310-91e5f883afe4'),(140,'383db49e-db94-40d5-9cc7-39155c3507d8'),(140,'3a0e27a0-2de0-474e-9a42-d2358741bde1'),(140,'47330944-c855-457d-a598-7b38b25891b9'),(140,'7dfaec00-9346-444d-bee4-37e637d98b7d'),(140,'a44c3b7f-5c7f-42ea-98ad-fb23a1067bdd'),(140,'ab80c72f-2905-407f-9082-4b338a6709d7'),(140,'ae11c1ce-d7cc-4385-bc9d-2a5242a8bd14'),(140,'ca5d2d03-6d94-498b-bb31-1c70028f57ee'),(140,'d1d5c7b6-1104-4570-8886-1b50123285df'),(140,'e0000f1a-8bfb-4a90-9d97-28ac8ea2986e'),(140,'e5fade58-4b1e-492e-a350-d53a1f3a4ecd'),(140,'f11db3dc-9c64-4eff-9f91-d385eacebc4b'),(140,'f6e31759-c285-4490-a4a9-8ad51f236259'),(140,'f792cad1-c6fa-4692-8a99-654e8f3e56c1'),(141,'07acdc51-fd3d-4d4c-a198-d8dac0b3cf86'),(141,'0c406dd7-b676-4b08-9577-01b733d8e41d'),(141,'207b3344-9634-45cc-b913-25281e9067b2'),(141,'29cfff0a-dc2b-4041-8961-269c66bb572f'),(141,'383db49e-db94-40d5-9cc7-39155c3507d8'),(141,'55cfa055-2038-4f90-a34a-7d44e9968039'),(141,'785b8e8b-2ca0-4226-85fe-721a0addb173'),(141,'7dfaec00-9346-444d-bee4-37e637d98b7d'),(141,'a44c3b7f-5c7f-42ea-98ad-fb23a1067bdd'),(141,'d1d5c7b6-1104-4570-8886-1b50123285df');
/*!40000 ALTER TABLE `viewcount` ENABLE KEYS */;
UNLOCK TABLES;
/*!40103 SET TIME_ZONE=@OLD_TIME_ZONE */;

/*!40101 SET SQL_MODE=@OLD_SQL_MODE */;
/*!40014 SET FOREIGN_KEY_CHECKS=@OLD_FOREIGN_KEY_CHECKS */;
/*!40014 SET UNIQUE_CHECKS=@OLD_UNIQUE_CHECKS */;
/*!40101 SET CHARACTER_SET_CLIENT=@OLD_CHARACTER_SET_CLIENT */;
/*!40101 SET CHARACTER_SET_RESULTS=@OLD_CHARACTER_SET_RESULTS */;
/*!40101 SET COLLATION_CONNECTION=@OLD_COLLATION_CONNECTION */;
/*!40111 SET SQL_NOTES=@OLD_SQL_NOTES */;

-- Dump completed on 2019-06-13 19:21:45
